id,name,type_1,type_2,ability_1,ability_2,hidden_ability,hp,attack,defense,sp_atk,sp_def,speed,weight_kg,height_m
1,bulbasaur,grass,poison,overgrow,chlorophyll,,45,49,49,65,65,45,6.9,0.7
2,ivysaur,grass,poison,overgrow,chlorophyll,,60,62,63,80,80,60,13.0,1.0
3,venusaur,grass,poison,overgrow,chlorophyll,,80,82,83,100,100,80,100.0,2.0
4,charmander,fire,,blaze,solar-power,,39,52,43,60,50,65,8.5,0.6
5,charmeleon,fire,,blaze,solar-power,,58,64,58,80,65,80,19.0,1.1
6,charizard,fire,flying,blaze,solar-power,,78,84,78,109,85,100,90.5,1.7
7,squirtle,water,,torrent,rain-dish,,44,48,65,50,64,43,9.0,0.5
8,wartortle,water,,torrent,rain-dish,,59,63,80,65,80,58,22.5,1.0
9,blastoise,water,,torrent,rain-dish,,79,83,100,85,105,78,85.5,1.6
10,caterpie,bug,,shield-dust,run-away,,45,30,35,20,20,45,2.9,0.3
11,metapod,bug,,shed-skin,,,50,20,55,25,25,30,9.9,0.7
12,butterfree,bug,flying,compound-eyes,tinted-lens,,60,45,50,90,80,70,32.0,1.1
13,weedle,bug,poison,shield-dust,run-away,,40,35,30,20,20,50,3.2,0.3
14,kakuna,bug,poison,shed-skin,,,45,25,50,25,25,35,10.0,0.6
15,beedrill,bug,poison,swarm,sniper,,65,90,40,45,80,75,29.5,1.0
16,pidgey,flying,normal,keen-eye,tangled-feet,big-pecks,40,45,40,35,35,56,1.8,0.3
17,pidgeotto,flying,normal,keen-eye,tangled-feet,big-pecks,63,60,55,50,50,71,30.0,1.1
18,pidgeot,flying,normal,keen-eye,tangled-feet,big-pecks,83,80,75,70,70,101,39.5,1.5
19,rattata,normal,,run-away,guts,hustle,30,56,35,25,35,72,3.5,0.3
20,raticate,normal,,run-away,guts,hustle,55,81,60,50,70,97,18.5,0.7
21,spearow,flying,normal,keen-eye,sniper,,40,60,30,31,31,70,2.0,0.3
22,fearow,flying,normal,keen-eye,sniper,,65,90,65,61,61,100,38.0,1.2
23,ekans,poison,,intimidate,shed-skin,unnerve,35,60,44,40,54,55,6.9,2.0
24,arbok,poison,,intimidate,shed-skin,unnerve,60,95,69,65,79,80,65.0,3.5
25,pikachu,electric,,static,lightning-rod,,35,55,40,50,50,90,6.0,0.4
26,raichu,electric,,static,lightning-rod,,60,90,55,90,80,110,30.0,0.8
27,sandshrew,ground,,sand-veil,sand-rush,,50,75,85,20,30,40,12.0,0.6
28,sandslash,ground,,sand-veil,sand-rush,,75,100,110,45,55,65,29.5,1.0
29,nidoran-f,poison,,poison-point,rivalry,hustle,55,47,52,40,40,41,7.0,0.4
30,nidorina,poison,,poison-point,rivalry,hustle,70,62,67,55,55,56,20.0,0.8
31,nidoqueen,ground,poison,poison-point,rivalry,sheer-force,90,92,87,75,85,76,60.0,1.3
32,nidoran-m,poison,,poison-point,rivalry,hustle,46,57,40,40,40,50,9.0,0.5
33,nidorino,poison,,poison-point,rivalry,hustle,61,72,57,55,55,65,19.5,0.9
34,nidoking,ground,poison,poison-point,rivalry,sheer-force,81,102,77,85,75,85,62.0,1.4
35,clefairy,fairy,,cute-charm,magic-guard,friend-guard,70,45,48,60,65,35,7.5,0.6
36,clefable,fairy,,cute-charm,magic-guard,unaware,95,70,73,95,90,60,40.0,1.3
37,vulpix,fire,,flash-fire,drought,,38,41,40,50,65,65,9.9,0.6
38,ninetales,fire,,flash-fire,drought,,73,76,75,81,100,100,19.9,1.1
39,jigglypuff,fairy,normal,cute-charm,competitive,friend-guard,115,45,20,45,25,20,5.5,0.5
40,wigglytuff,fairy,normal,cute-charm,competitive,frisk,140,70,45,85,50,45,12.0,1.0
41,zubat,flying,poison,inner-focus,infiltrator,,40,45,35,30,40,55,7.5,0.8
42,golbat,flying,poison,inner-focus,infiltrator,,75,80,70,65,75,90,55.0,1.6
43,oddish,grass,poison,chlorophyll,run-away,,45,50,55,75,65,30,5.4,0.5
44,gloom,grass,poison,chlorophyll,stench,,60,65,70,85,75,40,8.6,0.8
45,vileplume,grass,poison,chlorophyll,effect-spore,,75,80,85,110,90,50,18.6,1.2
46,paras,bug,grass,effect-spore,dry-skin,damp,35,70,55,45,55,25,5.4,0.3
47,parasect,bug,grass,effect-spore,dry-skin,damp,60,95,80,60,80,30,29.5,1.0
48,venonat,bug,poison,compound-eyes,tinted-lens,run-away,60,55,50,40,55,45,30.0,1.0
49,venomoth,bug,poison,shield-dust,tinted-lens,wonder-skin,70,65,60,90,75,90,12.5,1.5
50,diglett,ground,,sand-veil,arena-trap,sand-force,10,55,25,35,45,95,0.8,0.2
51,dugtrio,ground,,sand-veil,arena-trap,sand-force,35,100,50,50,70,120,33.3,0.7
52,meowth,normal,,pickup,technician,unnerve,40,45,35,40,40,90,4.2,0.4
53,persian,normal,,limber,technician,unnerve,65,70,60,65,65,115,32.0,1.0
54,psyduck,water,,damp,cloud-nine,swift-swim,50,52,48,65,50,55,19.6,0.8
55,golduck,water,,damp,cloud-nine,swift-swim,80,82,78,95,80,85,76.6,1.7
56,mankey,fighting,,vital-spirit,anger-point,defiant,40,80,35,35,45,70,28.0,0.5
57,primeape,fighting,,vital-spirit,anger-point,defiant,65,105,60,60,70,95,32.0,1.0
58,growlithe,fire,,intimidate,flash-fire,justified,55,70,45,70,50,60,19.0,0.7
59,arcanine,fire,,intimidate,flash-fire,justified,90,110,80,100,80,95,155.0,1.9
60,poliwag,water,,water-absorb,damp,swift-swim,40,50,40,40,40,90,12.4,0.6
61,poliwhirl,water,,water-absorb,damp,swift-swim,65,65,65,50,50,90,20.0,1.0
62,poliwrath,fighting,water,water-absorb,damp,swift-swim,90,95,95,70,90,70,54.0,1.3
63,abra,psychic,,synchronize,inner-focus,magic-guard,25,20,15,105,55,90,19.5,0.9
64,kadabra,psychic,,synchronize,inner-focus,magic-guard,40,35,30,120,70,105,56.5,1.3
65,alakazam,psychic,,synchronize,inner-focus,magic-guard,55,50,45,135,95,120,48.0,1.5
66,machop,fighting,,guts,no-guard,steadfast,70,80,50,35,35,35,19.5,0.8
67,machoke,fighting,,guts,no-guard,steadfast,80,100,70,50,60,45,70.5,1.5
68,machamp,fighting,,guts,no-guard,steadfast,90,130,80,65,85,55,130.0,1.6
69,bellsprout,grass,poison,chlorophyll,gluttony,,50,75,35,70,30,40,4.0,0.7
70,weepinbell,grass,poison,chlorophyll,gluttony,,65,90,50,85,45,55,6.4,1.0
71,victreebel,grass,poison,chlorophyll,gluttony,,80,105,65,100,70,70,15.5,1.7
72,tentacool,poison,water,clear-body,liquid-ooze,rain-dish,40,40,35,50,100,70,45.5,0.9
73,tentacruel,poison,water,clear-body,liquid-ooze,rain-dish,80,70,65,80,120,100,55.0,1.6
74,geodude,ground,rock,rock-head,sturdy,sand-veil,40,80,100,30,30,20,20.0,0.4
75,graveler,ground,rock,rock-head,sturdy,sand-veil,55,95,115,45,45,35,105.0,1.0
76,golem,ground,rock,rock-head,sturdy,sand-veil,80,120,130,55,65,45,300.0,1.4
77,ponyta,fire,,run-away,flash-fire,flame-body,50,85,55,65,65,90,30.0,1.0
78,rapidash,fire,,run-away,flash-fire,flame-body,65,100,70,80,80,105,95.0,1.7
79,slowpoke,psychic,water,oblivious,own-tempo,regenerator,90,65,65,40,40,15,36.0,1.2
80,slowbro,psychic,water,oblivious,own-tempo,regenerator,95,75,110,100,80,30,78.5,1.6
81,magnemite,electric,steel,magnet-pull,sturdy,analytic,25,35,70,95,55,45,6.0,0.3
82,magneton,electric,steel,magnet-pull,sturdy,analytic,50,60,95,120,70,70,60.0,1.0
83,farfetchd,flying,normal,keen-eye,inner-focus,defiant,52,90,55,58,62,60,15.0,0.8
84,doduo,flying,normal,run-away,early-bird,tangled-feet,35,85,45,35,35,75,39.2,1.4
85,dodrio,flying,normal,run-away,early-bird,tangled-feet,60,110,70,60,60,110,85.2,1.8
86,seel,water,,thick-fat,hydration,ice-body,65,45,55,45,70,45,90.0,1.1
87,dewgong,ice,water,thick-fat,hydration,ice-body,90,70,80,70,95,70,120.0,1.7
88,grimer,poison,,stench,sticky-hold,poison-touch,80,80,50,40,50,25,30.0,0.9
89,muk,poison,,stench,sticky-hold,poison-touch,105,105,75,65,100,50,30.0,1.2
90,shellder,water,,shell-armor,skill-link,overcoat,30,65,100,45,25,40,4.0,0.3
91,cloyster,ice,water,shell-armor,skill-link,overcoat,50,95,180,85,45,70,132.5,1.5
92,gastly,ghost,poison,levitate,,,30,35,30,100,35,80,0.1,1.3
93,haunter,ghost,poison,levitate,,,45,50,45,115,55,95,0.1,1.6
94,gengar,ghost,poison,cursed-body,,,60,65,60,130,75,110,40.5,1.5
95,onix,ground,rock,rock-head,sturdy,weak-armor,35,45,160,30,45,70,210.0,8.8
96,drowzee,psychic,,insomnia,forewarn,inner-focus,60,48,45,43,90,42,32.4,1.0
97,hypno,psychic,,insomnia,forewarn,inner-focus,85,73,70,73,115,67,75.6,1.6
98,krabby,water,,hyper-cutter,shell-armor,sheer-force,30,105,90,25,25,50,6.5,0.4
99,kingler,water,,hyper-cutter,shell-armor,sheer-force,55,130,115,50,50,75,60.0,1.3
100,voltorb,electric,,soundproof,static,aftermath,40,30,50,55,55,100,10.4,0.5
101,electrode,electric,,soundproof,static,aftermath,60,50,70,80,80,150,66.6,1.2
102,exeggcute,grass,psychic,chlorophyll,harvest,,60,40,80,60,45,40,2.5,0.4
103,exeggutor,grass,psychic,chlorophyll,harvest,,95,95,85,125,75,55,120.0,2.0
104,cubone,ground,,rock-head,lightning-rod,battle-armor,50,50,95,40,50,35,6.5,0.4
105,marowak,ground,,rock-head,lightning-rod,battle-armor,60,80,110,50,80,45,45.0,1.0
106,hitmonlee,fighting,,limber,reckless,unburden,50,120,53,35,110,87,49.8,1.5
107,hitmonchan,fighting,,keen-eye,iron-fist,inner-focus,50,105,79,35,110,76,50.2,1.4
108,lickitung,normal,,own-tempo,oblivious,cloud-nine,90,55,75,60,75,30,65.5,1.2
109,koffing,poison,,levitate,neutralizing-gas,stench,40,65,95,60,45,35,1.0,0.6
110,weezing,poison,,levitate,neutralizing-gas,stench,65,90,120,85,70,60,9.5,1.2
111,rhyhorn,ground,rock,lightning-rod,rock-head,reckless,80,85,95,30,30,25,115.0,1.0
112,rhydon,ground,rock,lightning-rod,rock-head,reckless,105,130,120,45,45,40,120.0,1.9
113,chansey,normal,,natural-cure,serene-grace,healer,250,5,5,35,105,50,34.6,1.1
114,tangela,grass,,chlorophyll,leaf-guard,regenerator,65,55,115,100,40,60,35.0,1.0
115,kangaskhan,normal,,early-bird,scrappy,inner-focus,105,95,80,40,80,90,80.0,2.2
116,horsea,water,,swift-swim,sniper,damp,30,40,70,70,25,60,8.0,0.4
117,seadra,water,,poison-point,sniper,damp,55,65,95,95,45,85,25.0,1.2
118,goldeen,water,,swift-swim,water-veil,lightning-rod,45,67,60,35,50,63,15.0,0.6
119,seaking,water,,swift-swim,water-veil,lightning-rod,80,92,65,65,80,68,39.0,1.3
120,staryu,water,,illuminate,natural-cure,analytic,30,45,55,70,55,85,34.5,0.8
121,starmie,psychic,water,illuminate,natural-cure,analytic,60,75,85,100,85,115,80.0,1.1
122,mr-mime,fairy,psychic,soundproof,filter,technician,40,45,65,100,120,90,54.5,1.3
123,scyther,bug,flying,swarm,technician,steadfast,70,110,80,55,80,105,56.0,1.5
124,jynx,ice,psychic,oblivious,forewarn,dry-skin,65,50,35,115,95,95,40.6,1.4
125,electabuzz,electric,,static,vital-spirit,,65,83,57,95,85,105,30.0,1.1
126,magmar,fire,,flame-body,vital-spirit,,65,95,57,100,85,93,44.5,1.3
127,pinsir,bug,,hyper-cutter,mold-breaker,moxie,65,125,100,55,70,85,55.0,1.5
128,tauros,normal,,intimidate,anger-point,sheer-force,75,100,95,40,70,110,88.4,1.4
129,magikarp,water,,swift-swim,rattled,,20,10,55,15,20,80,10.0,0.9
130,gyarados,flying,water,intimidate,moxie,,95,125,79,60,100,81,235.0,6.5
131,lapras,ice,water,water-absorb,shell-armor,hydration,130,85,80,85,95,60,220.0,2.5
132,ditto,normal,,limber,imposter,,48,48,48,48,48,48,4.0,0.3
133,eevee,normal,,run-away,adaptability,anticipation,55,55,50,45,65,55,6.5,0.3
134,vaporeon,water,,water-absorb,hydration,,130,65,60,110,95,65,29.0,1.0
135,jolteon,electric,,volt-absorb,quick-feet,,65,65,60,110,95,130,24.5,0.8
136,flareon,fire,,flash-fire,guts,,65,130,60,95,110,65,25.0,0.9
137,porygon,normal,,trace,download,analytic,65,60,70,85,75,40,36.5,0.8
138,omanyte,rock,water,swift-swim,shell-armor,weak-armor,35,40,100,90,55,35,7.5,0.4
139,omastar,rock,water,swift-swim,shell-armor,weak-armor,70,60,125,115,70,55,35.0,1.0
140,kabuto,rock,water,swift-swim,battle-armor,weak-armor,30,80,90,55,45,55,11.5,0.5
141,kabutops,rock,water,swift-swim,battle-armor,weak-armor,60,115,105,65,70,80,40.5,1.3
142,aerodactyl,flying,rock,rock-head,pressure,unnerve,80,105,65,60,75,130,59.0,1.8
143,snorlax,normal,,immunity,thick-fat,gluttony,160,110,65,65,110,30,460.0,2.1
144,articuno,flying,ice,pressure,snow-cloak,,90,85,100,95,125,85,55.4,1.7
145,zapdos,electric,flying,pressure,static,,90,90,85,125,90,100,52.6,1.6
146,moltres,fire,flying,pressure,flame-body,,90,100,90,125,85,90,60.0,2.0
147,dratini,dragon,,shed-skin,marvel-scale,,41,64,45,50,50,50,3.3,1.8
148,dragonair,dragon,,shed-skin,marvel-scale,,61,84,65,70,70,70,16.5,4.0
149,dragonite,dragon,flying,inner-focus,multiscale,,91,134,95,100,100,80,210.0,2.2
150,mewtwo,psychic,,pressure,unnerve,,106,110,90,154,90,130,122.0,2.0
151,mew,psychic,,synchronize,,,100,100,100,100,100,100,4.0,0.4
152,chikorita,grass,,overgrow,leaf-guard,,45,49,65,49,65,45,6.4,0.9
153,bayleef,grass,,overgrow,leaf-guard,,60,62,80,63,80,60,15.8,1.2
154,meganium,grass,,overgrow,leaf-guard,,80,82,100,83,100,80,100.5,1.8
155,cyndaquil,fire,,blaze,flash-fire,,39,52,43,60,50,65,7.9,0.5
156,quilava,fire,,blaze,flash-fire,,58,64,58,80,65,80,19.0,0.9
157,typhlosion,fire,,blaze,flash-fire,,78,84,78,109,85,100,79.5,1.7
158,totodile,water,,torrent,sheer-force,,50,65,64,44,48,43,9.5,0.6
159,croconaw,water,,torrent,sheer-force,,65,80,80,59,63,58,25.0,1.1
160,feraligatr,water,,torrent,sheer-force,,85,105,100,79,83,78,88.8,2.3
161,sentret,normal,,run-away,keen-eye,frisk,35,46,34,35,45,20,6.0,0.8
162,furret,normal,,run-away,keen-eye,frisk,85,76,64,45,55,90,32.5,1.8
163,hoothoot,flying,normal,insomnia,keen-eye,tinted-lens,60,30,30,36,56,50,21.2,0.7
164,noctowl,flying,normal,insomnia,keen-eye,tinted-lens,100,50,50,86,96,70,40.8,1.6
165,ledyba,bug,flying,swarm,early-bird,rattled,40,20,30,40,80,55,10.8,1.0
166,ledian,bug,flying,swarm,early-bird,iron-fist,55,35,50,55,110,85,35.6,1.4
167,spinarak,bug,poison,swarm,insomnia,sniper,40,60,40,40,40,30,8.5,0.5
168,ariados,bug,poison,swarm,insomnia,sniper,70,90,70,60,70,40,33.5,1.1
169,crobat,flying,poison,inner-focus,infiltrator,,85,90,80,70,80,130,75.0,1.8
170,chinchou,electric,water,volt-absorb,illuminate,water-absorb,75,38,38,56,56,67,12.0,0.5
171,lanturn,electric,water,volt-absorb,illuminate,water-absorb,125,58,58,76,76,67,22.5,1.2
172,pichu,electric,,static,lightning-rod,,20,40,15,35,35,60,2.0,0.3
173,cleffa,fairy,,cute-charm,magic-guard,friend-guard,50,25,28,45,55,15,3.0,0.3
174,igglybuff,fairy,normal,cute-charm,competitive,friend-guard,90,30,15,40,20,15,1.0,0.3
175,togepi,fairy,,hustle,serene-grace,super-luck,35,20,65,40,65,20,1.5,0.3
176,togetic,fairy,flying,hustle,serene-grace,super-luck,55,40,85,80,105,40,3.2,0.6
177,natu,flying,psychic,synchronize,early-bird,magic-bounce,40,50,45,70,45,70,2.0,0.2
178,xatu,flying,psychic,synchronize,early-bird,magic-bounce,65,75,70,95,70,95,15.0,1.5
179,mareep,electric,,static,plus,,55,40,40,65,45,35,7.8,0.6
180,flaaffy,electric,,static,plus,,70,55,55,80,60,45,13.3,0.8
181,ampharos,electric,,static,plus,,90,75,85,115,90,55,61.5,1.4
182,bellossom,grass,,chlorophyll,healer,,75,80,95,90,100,50,5.8,0.4
183,marill,fairy,water,thick-fat,huge-power,sap-sipper,70,20,50,20,50,40,8.5,0.4
184,azumarill,fairy,water,thick-fat,huge-power,sap-sipper,100,50,80,60,80,50,28.5,0.8
185,sudowoodo,rock,,sturdy,rock-head,rattled,70,100,115,30,65,30,38.0,1.2
186,politoed,water,,water-absorb,damp,drizzle,90,75,75,90,100,70,33.9,1.1
187,hoppip,flying,grass,chlorophyll,leaf-guard,infiltrator,35,35,40,35,55,50,0.5,0.4
188,skiploom,flying,grass,chlorophyll,leaf-guard,infiltrator,55,45,50,45,65,80,1.0,0.6
189,jumpluff,flying,grass,chlorophyll,leaf-guard,infiltrator,75,55,70,55,95,110,3.0,0.8
190,aipom,normal,,run-away,pickup,skill-link,55,70,55,40,55,85,11.5,0.8
191,sunkern,grass,,chlorophyll,solar-power,early-bird,30,30,30,30,30,30,1.8,0.3
192,sunflora,grass,,chlorophyll,solar-power,early-bird,75,75,55,105,85,30,8.5,0.8
193,yanma,bug,flying,speed-boost,compound-eyes,frisk,65,65,45,75,45,95,38.0,1.2
194,wooper,ground,water,damp,water-absorb,unaware,55,45,45,25,25,15,8.5,0.4
195,quagsire,ground,water,damp,water-absorb,unaware,95,85,85,65,65,35,75.0,1.4
196,espeon,psychic,,synchronize,magic-bounce,,65,65,60,130,95,110,26.5,0.9
197,umbreon,dark,,synchronize,inner-focus,,95,65,110,60,130,65,27.0,1.0
198,murkrow,dark,flying,insomnia,super-luck,prankster,60,85,42,85,42,91,2.1,0.5
199,slowking,psychic,water,oblivious,own-tempo,regenerator,95,75,80,100,110,30,79.5,2.0
200,misdreavus,ghost,,levitate,,,60,60,60,85,85,85,1.0,0.7
201,unown,psychic,,levitate,,,48,72,48,72,48,48,5.0,0.5
202,wobbuffet,psychic,,shadow-tag,telepathy,,190,33,58,33,58,33,28.5,1.3
203,girafarig,normal,psychic,inner-focus,early-bird,sap-sipper,70,80,65,90,65,85,41.5,1.5
204,pineco,bug,,sturdy,overcoat,,50,65,90,35,35,15,7.2,0.6
205,forretress,bug,steel,sturdy,overcoat,,75,90,140,60,60,40,125.8,1.2
206,dunsparce,normal,,serene-grace,run-away,rattled,100,70,70,65,65,45,14.0,1.5
207,gligar,flying,ground,hyper-cutter,sand-veil,immunity,65,75,105,35,65,85,64.8,1.1
208,steelix,ground,steel,rock-head,sturdy,sheer-force,75,85,200,55,65,30,400.0,9.2
209,snubbull,fairy,,intimidate,run-away,rattled,60,80,50,40,40,30,7.8,0.6
210,granbull,fairy,,intimidate,quick-feet,rattled,90,120,75,60,60,45,48.7,1.4
211,qwilfish,poison,water,poison-point,swift-swim,intimidate,65,95,85,55,55,85,3.9,0.5
212,scizor,bug,steel,swarm,technician,light-metal,70,130,100,55,80,65,118.0,1.8
213,shuckle,bug,rock,sturdy,gluttony,contrary,20,10,230,10,230,5,20.5,0.6
214,heracross,bug,fighting,swarm,guts,moxie,80,125,75,40,95,85,54.0,1.5
215,sneasel,dark,ice,inner-focus,keen-eye,pickpocket,55,95,55,35,75,115,28.0,0.9
216,teddiursa,normal,,pickup,quick-feet,honey-gather,60,80,50,50,50,40,8.8,0.6
217,ursaring,normal,,guts,quick-feet,unnerve,90,130,75,75,75,55,125.8,1.8
218,slugma,fire,,magma-armor,flame-body,weak-armor,40,40,40,70,40,20,35.0,0.7
219,magcargo,fire,rock,magma-armor,flame-body,weak-armor,60,50,120,90,80,30,55.0,0.8
220,swinub,ground,ice,oblivious,snow-cloak,thick-fat,50,50,40,30,30,50,6.5,0.4
221,piloswine,ground,ice,oblivious,snow-cloak,thick-fat,100,100,80,60,60,50,55.8,1.1
222,corsola,rock,water,hustle,natural-cure,regenerator,65,55,95,65,95,35,5.0,0.6
223,remoraid,water,,hustle,sniper,moody,35,65,35,65,35,65,12.0,0.6
224,octillery,water,,suction-cups,sniper,moody,75,105,75,105,75,45,28.5,0.9
225,delibird,flying,ice,vital-spirit,hustle,insomnia,45,55,45,65,45,75,16.0,0.9
226,mantine,flying,water,swift-swim,water-absorb,water-veil,85,40,70,80,140,70,220.0,2.1
227,skarmory,flying,steel,keen-eye,sturdy,weak-armor,65,80,140,40,70,70,50.5,1.7
228,houndour,dark,fire,early-bird,flash-fire,unnerve,45,60,30,80,50,65,10.8,0.6
229,houndoom,dark,fire,early-bird,flash-fire,unnerve,75,90,50,110,80,95,35.0,1.4
230,kingdra,dragon,water,swift-swim,sniper,damp,75,95,95,95,95,85,152.0,1.8
231,phanpy,ground,,pickup,sand-veil,,90,60,60,40,40,40,33.5,0.5
232,donphan,ground,,sturdy,sand-veil,,90,120,120,60,60,50,120.0,1.1
233,porygon2,normal,,trace,download,analytic,85,80,90,105,95,60,32.5,0.6
234,stantler,normal,,intimidate,frisk,sap-sipper,73,95,62,85,65,85,71.2,1.4
235,smeargle,normal,,own-tempo,technician,moody,55,20,35,20,45,75,58.0,1.2
236,tyrogue,fighting,,guts,steadfast,vital-spirit,35,35,35,35,35,35,21.0,0.7
237,hitmontop,fighting,,intimidate,technician,steadfast,50,95,95,35,110,70,48.0,1.4
238,smoochum,ice,psychic,oblivious,forewarn,hydration,45,30,15,85,65,65,6.0,0.4
239,elekid,electric,,static,vital-spirit,,45,63,37,65,55,95,23.5,0.6
240,magby,fire,,flame-body,vital-spirit,,45,75,37,70,55,83,21.4,0.7
241,miltank,normal,,thick-fat,scrappy,sap-sipper,95,80,105,40,70,100,75.5,1.2
242,blissey,normal,,natural-cure,serene-grace,healer,255,10,10,75,135,55,46.8,1.5
243,raikou,electric,,pressure,inner-focus,,90,85,75,115,100,115,178.0,1.9
244,entei,fire,,pressure,inner-focus,,115,115,85,90,75,100,198.0,2.1
245,suicune,water,,pressure,inner-focus,,100,75,115,90,115,85,187.0,2.0
246,larvitar,ground,rock,guts,sand-veil,,50,64,50,45,50,41,72.0,0.6
247,pupitar,ground,rock,shed-skin,,,70,84,70,65,70,51,152.0,1.2
248,tyranitar,dark,rock,sand-stream,unnerve,,100,134,110,95,100,61,202.0,2.0
249,lugia,flying,psychic,pressure,multiscale,,106,90,130,90,154,110,216.0,5.2
250,ho-oh,fire,flying,pressure,regenerator,,106,130,90,110,154,90,199.0,3.8
251,celebi,grass,psychic,natural-cure,,,100,100,100,100,100,100,5.0,0.6
252,treecko,grass,,overgrow,unburden,,40,45,35,65,55,70,5.0,0.5
253,grovyle,grass,,overgrow,unburden,,50,65,45,85,65,95,21.6,0.9
254,sceptile,grass,,overgrow,unburden,,70,85,65,105,85,120,52.2,1.7
255,torchic,fire,,blaze,speed-boost,,45,60,40,70,50,45,2.5,0.4
256,combusken,fighting,fire,blaze,speed-boost,,60,85,60,85,60,55,19.5,0.9
257,blaziken,fighting,fire,blaze,speed-boost,,80,120,70,110,70,80,52.0,1.9
258,mudkip,water,,torrent,damp,,50,70,50,50,50,40,7.6,0.4
259,marshtomp,ground,water,torrent,damp,,70,85,70,60,70,50,28.0,0.7
260,swampert,ground,water,torrent,damp,,100,110,90,85,90,60,81.9,1.5
261,poochyena,dark,,run-away,quick-feet,rattled,35,55,35,30,30,35,13.6,0.5
262,mightyena,dark,,intimidate,quick-feet,moxie,70,90,70,60,60,70,37.0,1.0
263,zigzagoon,normal,,pickup,gluttony,quick-feet,38,30,41,30,41,60,17.5,0.4
264,linoone,normal,,pickup,gluttony,quick-feet,78,70,61,50,61,100,32.5,0.5
265,wurmple,bug,,shield-dust,run-away,,45,45,35,20,30,20,3.6,0.3
266,silcoon,bug,,shed-skin,,,50,35,55,25,25,15,10.0,0.6
267,beautifly,bug,flying,swarm,rivalry,,60,70,50,100,50,65,28.4,1.0
268,cascoon,bug,,shed-skin,,,50,35,55,25,25,15,11.5,0.7
269,dustox,bug,poison,shield-dust,compound-eyes,,60,50,70,50,90,65,31.6,1.2
270,lotad,grass,water,swift-swim,rain-dish,own-tempo,40,30,30,40,50,30,2.6,0.5
271,lombre,grass,water,swift-swim,rain-dish,own-tempo,60,50,50,60,70,50,32.5,1.2
272,ludicolo,grass,water,swift-swim,rain-dish,own-tempo,80,70,70,90,100,70,55.0,1.5
273,seedot,grass,,chlorophyll,early-bird,pickpocket,40,40,50,30,30,30,4.0,0.5
274,nuzleaf,dark,grass,chlorophyll,early-bird,pickpocket,70,70,40,60,40,60,28.0,1.0
275,shiftry,dark,grass,chlorophyll,wind-rider,pickpocket,90,100,60,90,60,80,59.6,1.3
276,taillow,flying,normal,guts,scrappy,,40,55,30,30,30,85,2.3,0.3
277,swellow,flying,normal,guts,scrappy,,60,85,60,75,50,125,19.8,0.7
278,wingull,flying,water,keen-eye,hydration,rain-dish,40,30,30,55,30,85,9.5,0.6
279,pelipper,flying,water,keen-eye,drizzle,rain-dish,60,50,100,95,70,65,28.0,1.2
280,ralts,fairy,psychic,synchronize,trace,telepathy,28,25,25,45,35,40,6.6,0.4
281,kirlia,fairy,psychic,synchronize,trace,telepathy,38,35,35,65,55,50,20.2,0.8
282,gardevoir,fairy,psychic,synchronize,trace,telepathy,68,65,65,125,115,80,48.4,1.6
283,surskit,bug,water,swift-swim,rain-dish,,40,30,32,50,52,65,1.7,0.5
284,masquerain,bug,flying,intimidate,unnerve,,70,60,62,100,82,80,3.6,0.8
285,shroomish,grass,,effect-spore,poison-heal,quick-feet,60,40,60,40,60,35,4.5,0.4
286,breloom,fighting,grass,effect-spore,poison-heal,technician,60,130,80,60,60,70,39.2,1.2
287,slakoth,normal,,truant,,,60,60,60,35,35,30,24.0,0.8
288,vigoroth,normal,,vital-spirit,,,80,80,80,55,55,90,46.5,1.4
289,slaking,normal,,truant,,,150,160,100,95,65,100,130.5,2.0
290,nincada,bug,ground,compound-eyes,run-away,,31,45,90,30,30,40,5.5,0.5
291,ninjask,bug,flying,speed-boost,infiltrator,,61,90,45,50,50,160,12.0,0.8
292,shedinja,bug,ghost,wonder-guard,,,1,90,45,30,30,40,1.2,0.8
293,whismur,normal,,soundproof,rattled,,64,51,23,51,23,28,16.3,0.6
294,loudred,normal,,soundproof,scrappy,,84,71,43,71,43,48,40.5,1.0
295,exploud,normal,,soundproof,scrappy,,104,91,63,91,73,68,84.0,1.5
296,makuhita,fighting,,thick-fat,guts,sheer-force,72,60,30,20,30,25,86.4,1.0
297,hariyama,fighting,,thick-fat,guts,sheer-force,144,120,60,40,60,50,253.8,2.3
298,azurill,fairy,normal,thick-fat,huge-power,sap-sipper,50,20,40,20,40,20,2.0,0.2
299,nosepass,rock,,sturdy,magnet-pull,sand-force,30,45,135,45,90,30,97.0,1.0
300,skitty,normal,,cute-charm,normalize,wonder-skin,50,45,45,35,35,50,11.0,0.6
301,delcatty,normal,,cute-charm,normalize,wonder-skin,70,65,65,55,55,90,32.6,1.1
302,sableye,dark,ghost,keen-eye,stall,prankster,50,75,75,65,65,50,11.0,0.5
303,mawile,fairy,steel,hyper-cutter,intimidate,sheer-force,50,85,85,55,55,50,11.5,0.6
304,aron,rock,steel,sturdy,rock-head,heavy-metal,50,70,100,40,40,30,60.0,0.4
305,lairon,rock,steel,sturdy,rock-head,heavy-metal,60,90,140,50,50,40,120.0,0.9
306,aggron,rock,steel,sturdy,rock-head,heavy-metal,70,110,180,60,60,50,360.0,2.1
307,meditite,fighting,psychic,pure-power,telepathy,,30,40,55,40,55,60,11.2,0.6
308,medicham,fighting,psychic,pure-power,telepathy,,60,60,75,60,75,80,31.5,1.3
309,electrike,electric,,static,lightning-rod,minus,40,45,40,65,40,65,15.2,0.6
310,manectric,electric,,static,lightning-rod,minus,70,75,60,105,60,105,40.2,1.5
311,plusle,electric,,plus,lightning-rod,,60,50,40,85,75,95,4.2,0.4
312,minun,electric,,minus,volt-absorb,,60,40,50,75,85,95,4.2,0.4
313,volbeat,bug,,illuminate,swarm,prankster,65,73,75,47,85,85,17.7,0.7
314,illumise,bug,,oblivious,tinted-lens,prankster,65,47,75,73,85,85,17.7,0.6
315,roselia,grass,poison,natural-cure,poison-point,leaf-guard,50,60,45,100,80,65,2.0,0.3
316,gulpin,poison,,liquid-ooze,sticky-hold,gluttony,70,43,53,43,53,40,10.3,0.4
317,swalot,poison,,liquid-ooze,sticky-hold,gluttony,100,73,83,73,83,55,80.0,1.7
318,carvanha,dark,water,rough-skin,speed-boost,,45,90,20,65,20,65,20.8,0.8
319,sharpedo,dark,water,rough-skin,speed-boost,,70,120,40,95,40,95,88.8,1.8
320,wailmer,water,,water-veil,oblivious,pressure,130,70,35,70,35,60,130.0,2.0
321,wailord,water,,water-veil,oblivious,pressure,170,90,45,90,45,60,398.0,14.5
322,numel,fire,ground,oblivious,simple,own-tempo,60,60,40,65,45,35,24.0,0.7
323,camerupt,fire,ground,magma-armor,solid-rock,anger-point,70,100,70,105,75,40,220.0,1.9
324,torkoal,fire,,white-smoke,drought,shell-armor,70,85,140,85,70,20,80.4,0.5
325,spoink,psychic,,thick-fat,own-tempo,gluttony,60,25,35,70,80,60,30.6,0.7
326,grumpig,psychic,,thick-fat,own-tempo,gluttony,80,45,65,90,110,80,71.5,0.9
327,spinda,normal,,own-tempo,tangled-feet,contrary,60,60,60,60,60,60,5.0,1.1
328,trapinch,ground,,hyper-cutter,arena-trap,sheer-force,45,100,45,45,45,10,15.0,0.7
329,vibrava,dragon,ground,levitate,,,50,70,50,50,50,70,15.3,1.1
330,flygon,dragon,ground,levitate,,,80,100,80,80,80,100,82.0,2.0
331,cacnea,grass,,sand-veil,water-absorb,,50,85,40,85,40,35,51.3,0.4
332,cacturne,dark,grass,sand-veil,water-absorb,,70,115,60,115,60,55,77.4,1.3
333,swablu,flying,normal,natural-cure,cloud-nine,,45,40,60,40,75,50,1.2,0.4
334,altaria,dragon,flying,natural-cure,cloud-nine,,75,70,90,70,105,80,20.6,1.1
335,zangoose,normal,,immunity,toxic-boost,,73,115,60,60,60,90,40.3,1.3
336,seviper,poison,,shed-skin,infiltrator,,73,100,60,100,60,65,52.5,2.7
337,lunatone,psychic,rock,levitate,,,90,55,65,95,85,70,168.0,1.0
338,solrock,psychic,rock,levitate,,,90,95,85,55,65,70,154.0,1.2
339,barboach,ground,water,oblivious,anticipation,hydration,50,48,43,46,41,60,1.9,0.4
340,whiscash,ground,water,oblivious,anticipation,hydration,110,78,73,76,71,60,23.6,0.9
341,corphish,water,,hyper-cutter,shell-armor,adaptability,43,80,65,50,35,35,11.5,0.6
342,crawdaunt,dark,water,hyper-cutter,shell-armor,adaptability,63,120,85,90,55,55,32.8,1.1
343,baltoy,ground,psychic,levitate,,,40,40,55,40,70,55,21.5,0.5
344,claydol,ground,psychic,levitate,,,60,70,105,70,120,75,108.0,1.5
345,lileep,grass,rock,suction-cups,storm-drain,,66,41,77,61,87,23,23.8,1.0
346,cradily,grass,rock,suction-cups,storm-drain,,86,81,97,81,107,43,60.4,1.5
347,anorith,bug,rock,battle-armor,swift-swim,,45,95,50,40,50,75,12.5,0.7
348,armaldo,bug,rock,battle-armor,swift-swim,,75,125,100,70,80,45,68.2,1.5
349,feebas,water,,swift-swim,oblivious,adaptability,20,15,20,10,55,80,7.4,0.6
350,milotic,water,,marvel-scale,competitive,cute-charm,95,60,79,100,125,81,162.0,6.2
351,castform,normal,,forecast,,,70,70,70,70,70,70,0.8,0.3
352,kecleon,normal,,color-change,protean,,60,90,70,60,120,40,22.0,1.0
353,shuppet,ghost,,insomnia,frisk,cursed-body,44,75,35,63,33,45,2.3,0.6
354,banette,ghost,,insomnia,frisk,cursed-body,64,115,65,83,63,65,12.5,1.1
355,duskull,ghost,,levitate,frisk,,20,40,90,30,90,25,15.0,0.8
356,dusclops,ghost,,pressure,frisk,,40,70,130,60,130,25,30.6,1.6
357,tropius,flying,grass,chlorophyll,solar-power,harvest,99,68,83,72,87,51,100.0,2.0
358,chimecho,psychic,,levitate,,,75,50,80,95,90,65,1.0,0.6
359,absol,dark,,pressure,super-luck,justified,65,130,60,75,60,75,47.0,1.2
360,wynaut,psychic,,shadow-tag,telepathy,,95,23,48,23,48,23,14.0,0.6
361,snorunt,ice,,inner-focus,ice-body,moody,50,50,50,50,50,50,16.8,0.7
362,glalie,ice,,inner-focus,ice-body,moody,80,80,80,80,80,80,256.5,1.5
363,spheal,ice,water,thick-fat,ice-body,oblivious,70,40,50,55,50,25,39.5,0.8
364,sealeo,ice,water,thick-fat,ice-body,oblivious,90,60,70,75,70,45,87.6,1.1
365,walrein,ice,water,thick-fat,ice-body,oblivious,110,80,90,95,90,65,150.6,1.4
366,clamperl,water,,shell-armor,rattled,,35,64,85,74,55,32,52.5,0.4
367,huntail,water,,swift-swim,water-veil,,55,104,105,94,75,52,27.0,1.7
368,gorebyss,water,,swift-swim,hydration,,55,84,105,114,75,52,22.6,1.8
369,relicanth,rock,water,swift-swim,rock-head,sturdy,100,90,130,45,65,55,23.4,1.0
370,luvdisc,water,,swift-swim,hydration,,43,30,55,40,65,97,8.7,0.6
371,bagon,dragon,,rock-head,sheer-force,,45,75,60,40,30,50,42.1,0.6
372,shelgon,dragon,,rock-head,overcoat,,65,95,100,60,50,50,110.5,1.1
373,salamence,dragon,flying,intimidate,moxie,,95,135,80,110,80,100,102.6,1.5
374,beldum,psychic,steel,clear-body,light-metal,,40,55,80,35,60,30,95.2,0.6
375,metang,psychic,steel,clear-body,light-metal,,60,75,100,55,80,50,202.5,1.2
376,metagross,psychic,steel,clear-body,light-metal,,80,135,130,95,90,70,550.0,1.6
377,regirock,rock,,clear-body,sturdy,,80,100,200,50,100,50,230.0,1.7
378,regice,ice,,clear-body,ice-body,,80,50,100,100,200,50,175.0,1.8
379,registeel,steel,,clear-body,light-metal,,80,75,150,75,150,50,205.0,1.9
380,latias,dragon,psychic,levitate,,,80,80,90,110,130,110,40.0,1.4
381,latios,dragon,psychic,levitate,,,80,90,80,130,110,110,60.0,2.0
382,kyogre,water,,drizzle,,,100,100,90,150,140,90,352.0,4.5
383,groudon,ground,,drought,,,100,150,140,100,90,90,950.0,3.5
384,rayquaza,dragon,flying,air-lock,,,105,150,90,150,90,95,206.5,7.0
385,jirachi,psychic,steel,serene-grace,,,100,100,100,100,100,100,1.1,0.3
386,deoxys-normal,psychic,,pressure,,,50,150,50,150,50,150,60.8,1.7
387,turtwig,grass,,overgrow,shell-armor,,55,68,64,45,55,31,10.2,0.4
388,grotle,grass,,overgrow,shell-armor,,75,89,85,55,65,36,97.0,1.1
389,torterra,grass,ground,overgrow,shell-armor,,95,109,105,75,85,56,310.0,2.2
390,chimchar,fire,,blaze,iron-fist,,44,58,44,58,44,61,6.2,0.5
391,monferno,fighting,fire,blaze,iron-fist,,64,78,52,78,52,81,22.0,0.9
392,infernape,fighting,fire,blaze,iron-fist,,76,104,71,104,71,108,55.0,1.2
393,piplup,water,,torrent,competitive,,53,51,53,61,56,40,5.2,0.4
394,prinplup,water,,torrent,competitive,,64,66,68,81,76,50,23.0,0.8
395,empoleon,steel,water,torrent,competitive,,84,86,88,111,101,60,84.5,1.7
396,starly,flying,normal,keen-eye,reckless,,40,55,30,30,30,60,2.0,0.3
397,staravia,flying,normal,intimidate,reckless,,55,75,50,40,40,80,15.5,0.6
398,staraptor,flying,normal,intimidate,reckless,,85,120,70,50,60,100,24.9,1.2
399,bidoof,normal,,simple,unaware,moody,59,45,40,35,40,31,20.0,0.5
400,bibarel,normal,water,simple,unaware,moody,79,85,60,55,60,71,31.5,1.0
401,kricketot,bug,,shed-skin,run-away,,37,25,41,25,41,25,2.2,0.3
402,kricketune,bug,,swarm,technician,,77,85,51,55,51,65,25.5,1.0
403,shinx,electric,,rivalry,intimidate,guts,45,65,34,40,34,45,9.5,0.5
404,luxio,electric,,rivalry,intimidate,guts,60,85,49,60,49,60,30.5,0.9
405,luxray,electric,,rivalry,intimidate,guts,80,120,79,95,79,70,42.0,1.4
406,budew,grass,poison,natural-cure,poison-point,leaf-guard,40,30,35,50,70,55,1.2,0.2
407,roserade,grass,poison,natural-cure,poison-point,technician,60,70,65,125,105,90,14.5,0.9
408,cranidos,rock,,mold-breaker,sheer-force,,67,125,40,30,30,58,31.5,0.9
409,rampardos,rock,,mold-breaker,sheer-force,,97,165,60,65,50,58,102.5,1.6
410,shieldon,rock,steel,sturdy,soundproof,,30,42,118,42,88,30,57.0,0.5
411,bastiodon,rock,steel,sturdy,soundproof,,60,52,168,47,138,30,149.5,1.3
412,burmy,bug,,shed-skin,overcoat,,40,29,45,29,45,36,3.4,0.2
413,wormadam-plant,bug,grass,anticipation,overcoat,,60,59,85,79,105,36,6.5,0.5
414,mothim,bug,flying,swarm,tinted-lens,,70,94,50,94,50,66,23.3,0.9
415,combee,bug,flying,honey-gather,hustle,,30,30,42,30,42,70,5.5,0.3
416,vespiquen,bug,flying,pressure,unnerve,,70,80,102,80,102,40,38.5,1.2
417,pachirisu,electric,,run-away,pickup,volt-absorb,60,45,70,45,90,95,3.9,0.4
418,buizel,water,,swift-swim,water-veil,,55,65,35,60,30,85,29.5,0.7
419,floatzel,water,,swift-swim,water-veil,,85,105,55,85,50,115,33.5,1.1
420,cherubi,grass,,chlorophyll,,,45,35,45,62,53,35,3.3,0.4
421,cherrim,grass,,flower-gift,,,70,60,70,87,78,85,9.3,0.5
422,shellos,water,,sticky-hold,storm-drain,sand-force,76,48,48,57,62,34,6.3,0.3
423,gastrodon,ground,water,sticky-hold,storm-drain,sand-force,111,83,68,92,82,39,29.9,0.9
424,ambipom,normal,,technician,pickup,skill-link,75,100,66,60,66,115,20.3,1.2
425,drifloon,flying,ghost,aftermath,unburden,flare-boost,90,50,34,60,44,70,1.2,0.4
426,drifblim,flying,ghost,aftermath,unburden,flare-boost,150,80,44,90,54,80,15.0,1.2
427,buneary,normal,,run-away,klutz,limber,55,66,44,44,56,85,5.5,0.4
428,lopunny,normal,,cute-charm,klutz,limber,65,76,84,54,96,105,33.3,1.2
429,mismagius,ghost,,levitate,,,60,60,60,105,105,105,4.4,0.9
430,honchkrow,dark,flying,insomnia,super-luck,moxie,100,125,52,105,52,71,27.3,0.9
431,glameow,normal,,limber,own-tempo,keen-eye,49,55,42,42,37,85,3.9,0.5
432,purugly,normal,,thick-fat,own-tempo,defiant,71,82,64,64,59,112,43.8,1.0
433,chingling,psychic,,levitate,,,45,30,50,65,50,45,0.6,0.2
434,stunky,dark,poison,stench,aftermath,keen-eye,63,63,47,41,41,74,19.2,0.4
435,skuntank,dark,poison,stench,aftermath,keen-eye,103,93,67,71,61,84,38.0,1.0
436,bronzor,psychic,steel,levitate,heatproof,heavy-metal,57,24,86,24,86,23,60.5,0.5
437,bronzong,psychic,steel,levitate,heatproof,heavy-metal,67,89,116,79,116,33,187.0,1.3
438,bonsly,rock,,sturdy,rock-head,rattled,50,80,95,10,45,10,15.0,0.5
439,mime-jr,fairy,psychic,soundproof,filter,technician,20,25,45,70,90,60,13.0,0.6
440,happiny,normal,,natural-cure,serene-grace,friend-guard,100,5,5,15,65,30,24.4,0.6
441,chatot,flying,normal,keen-eye,tangled-feet,big-pecks,76,65,45,92,42,91,1.9,0.5
442,spiritomb,dark,ghost,pressure,infiltrator,,50,92,108,92,108,35,108.0,1.0
443,gible,dragon,ground,sand-veil,rough-skin,,58,70,45,40,45,42,20.5,0.7
444,gabite,dragon,ground,sand-veil,rough-skin,,68,90,65,50,55,82,56.0,1.4
445,garchomp,dragon,ground,sand-veil,rough-skin,,108,130,95,80,85,102,95.0,1.9
446,munchlax,normal,,pickup,thick-fat,gluttony,135,85,40,40,85,5,105.0,0.6
447,riolu,fighting,,steadfast,inner-focus,prankster,40,70,40,35,40,60,20.2,0.7
448,lucario,fighting,steel,steadfast,inner-focus,justified,70,110,70,115,70,90,54.0,1.2
449,hippopotas,ground,,sand-stream,sand-force,,68,72,78,38,42,32,49.5,0.8
450,hippowdon,ground,,sand-stream,sand-force,,108,112,118,68,72,47,300.0,2.0
451,skorupi,bug,poison,battle-armor,sniper,keen-eye,40,50,90,30,55,65,12.0,0.8
452,drapion,dark,poison,battle-armor,sniper,keen-eye,70,90,110,60,75,95,61.5,1.3
453,croagunk,fighting,poison,anticipation,dry-skin,poison-touch,48,61,40,61,40,50,23.0,0.7
454,toxicroak,fighting,poison,anticipation,dry-skin,poison-touch,83,106,65,86,65,85,44.4,1.3
455,carnivine,grass,,levitate,,,74,100,72,90,72,46,27.0,1.4
456,finneon,water,,swift-swim,storm-drain,water-veil,49,49,56,49,61,66,7.0,0.4
457,lumineon,water,,swift-swim,storm-drain,water-veil,69,69,76,69,86,91,24.0,1.2
458,mantyke,flying,water,swift-swim,water-absorb,water-veil,45,20,50,60,120,50,65.0,1.0
459,snover,grass,ice,snow-warning,soundproof,,60,62,50,62,60,40,50.5,1.0
460,abomasnow,grass,ice,snow-warning,soundproof,,90,92,75,92,85,60,135.5,2.2
461,weavile,dark,ice,pressure,pickpocket,,70,120,65,45,85,125,34.0,1.1
462,magnezone,electric,steel,magnet-pull,sturdy,analytic,70,70,115,130,90,60,180.0,1.2
463,lickilicky,normal,,own-tempo,oblivious,cloud-nine,110,85,95,80,95,50,140.0,1.7
464,rhyperior,ground,rock,lightning-rod,solid-rock,reckless,115,140,130,55,55,40,282.8,2.4
465,tangrowth,grass,,chlorophyll,leaf-guard,regenerator,100,100,125,110,50,50,128.6,2.0
466,electivire,electric,,motor-drive,vital-spirit,,75,123,67,95,85,95,138.6,1.8
467,magmortar,fire,,flame-body,vital-spirit,,75,95,67,125,95,83,68.0,1.6
468,togekiss,fairy,flying,hustle,serene-grace,super-luck,85,50,95,120,115,80,38.0,1.5
469,yanmega,bug,flying,speed-boost,tinted-lens,frisk,86,76,86,116,56,95,51.5,1.9
470,leafeon,grass,,leaf-guard,chlorophyll,,65,110,130,60,65,95,25.5,1.0
471,glaceon,ice,,snow-cloak,ice-body,,65,60,110,130,95,65,25.9,0.8
472,gliscor,flying,ground,hyper-cutter,sand-veil,poison-heal,75,95,125,45,75,95,42.5,2.0
473,mamoswine,ground,ice,oblivious,snow-cloak,thick-fat,110,130,80,70,60,80,291.0,2.5
474,porygon-z,normal,,adaptability,download,analytic,85,80,70,135,75,90,34.0,0.9
475,gallade,fighting,psychic,steadfast,sharpness,justified,68,125,65,65,115,80,52.0,1.6
476,probopass,rock,steel,sturdy,magnet-pull,sand-force,60,55,145,75,150,40,340.0,1.4
477,dusknoir,ghost,,pressure,frisk,,45,100,135,65,135,45,106.6,2.2
478,froslass,ghost,ice,snow-cloak,cursed-body,,70,80,70,80,70,110,26.6,1.3
479,rotom,electric,ghost,levitate,,,50,50,77,95,77,91,0.3,0.3
480,uxie,psychic,,levitate,,,75,75,130,75,130,95,0.3,0.3
481,mesprit,psychic,,levitate,,,80,105,105,105,105,80,0.3,0.3
482,azelf,psychic,,levitate,,,75,125,70,125,70,115,0.3,0.3
483,dialga,dragon,steel,pressure,telepathy,,100,120,120,150,100,90,683.0,5.4
484,palkia,dragon,water,pressure,telepathy,,90,120,100,150,120,100,336.0,4.2
485,heatran,fire,steel,flash-fire,flame-body,,91,90,106,130,106,77,430.0,1.7
486,regigigas,normal,,slow-start,,,110,160,110,80,110,100,420.0,3.7
487,giratina-altered,dragon,ghost,pressure,telepathy,,150,100,120,100,120,90,750.0,4.5
488,cresselia,psychic,,levitate,,,120,70,110,75,120,85,85.6,1.5
489,phione,water,,hydration,,,80,80,80,80,80,80,3.1,0.4
490,manaphy,water,,hydration,,,100,100,100,100,100,100,1.4,0.3
491,darkrai,dark,,bad-dreams,,,70,90,90,135,90,125,50.5,1.5
492,shaymin-land,grass,,natural-cure,,,100,100,100,100,100,100,2.1,0.2
493,arceus,normal,,multitype,,,120,120,120,120,120,120,320.0,3.2
494,victini,fire,psychic,victory-star,,,100,100,100,100,100,100,4.0,0.4
495,snivy,grass,,overgrow,contrary,,45,45,55,45,55,63,8.1,0.6
496,servine,grass,,overgrow,contrary,,60,60,75,60,75,83,16.0,0.8
497,serperior,grass,,overgrow,contrary,,75,75,95,75,95,113,63.0,3.3
498,tepig,fire,,blaze,thick-fat,,65,63,45,45,45,45,9.9,0.5
499,pignite,fighting,fire,blaze,thick-fat,,90,93,55,70,55,55,55.5,1.0
500,emboar,fighting,fire,blaze,reckless,,110,123,65,100,65,65,150.0,1.6
501,oshawott,water,,torrent,shell-armor,,55,55,45,63,45,45,5.9,0.5
502,dewott,water,,torrent,shell-armor,,75,75,60,83,60,60,24.5,0.8
503,samurott,water,,torrent,shell-armor,,95,100,85,108,70,70,94.6,1.5
504,patrat,normal,,run-away,keen-eye,analytic,45,55,39,35,39,42,11.6,0.5
505,watchog,normal,,illuminate,keen-eye,analytic,60,85,69,60,69,77,27.0,1.1
506,lillipup,normal,,vital-spirit,pickup,run-away,45,60,45,25,45,55,4.1,0.4
507,herdier,normal,,intimidate,sand-rush,scrappy,65,80,65,35,65,60,14.7,0.9
508,stoutland,normal,,intimidate,sand-rush,scrappy,85,110,90,45,90,80,61.0,1.2
509,purrloin,dark,,limber,unburden,prankster,41,50,37,50,37,66,10.1,0.4
510,liepard,dark,,limber,unburden,prankster,64,88,50,88,50,106,37.5,1.1
511,pansage,grass,,gluttony,overgrow,,50,53,48,53,48,64,10.5,0.6
512,simisage,grass,,gluttony,overgrow,,75,98,63,98,63,101,30.5,1.1
513,pansear,fire,,gluttony,blaze,,50,53,48,53,48,64,11.0,0.6
514,simisear,fire,,gluttony,blaze,,75,98,63,98,63,101,28.0,1.0
515,panpour,water,,gluttony,torrent,,50,53,48,53,48,64,13.5,0.6
516,simipour,water,,gluttony,torrent,,75,98,63,98,63,101,29.0,1.0
517,munna,psychic,,forewarn,synchronize,telepathy,76,25,45,67,55,24,23.3,0.6
518,musharna,psychic,,forewarn,synchronize,telepathy,116,55,85,107,95,29,60.5,1.1
519,pidove,flying,normal,big-pecks,super-luck,rivalry,50,55,50,36,30,43,2.1,0.3
520,tranquill,flying,normal,big-pecks,super-luck,rivalry,62,77,62,50,42,65,15.0,0.6
521,unfezant,flying,normal,big-pecks,super-luck,rivalry,80,115,80,65,55,93,29.0,1.2
522,blitzle,electric,,lightning-rod,motor-drive,sap-sipper,45,60,32,50,32,76,29.8,0.8
523,zebstrika,electric,,lightning-rod,motor-drive,sap-sipper,75,100,63,80,63,116,79.5,1.6
524,roggenrola,rock,,sturdy,weak-armor,sand-force,55,75,85,25,25,15,18.0,0.4
525,boldore,rock,,sturdy,weak-armor,sand-force,70,105,105,50,40,20,102.0,0.9
526,gigalith,rock,,sturdy,sand-stream,sand-force,85,135,130,60,80,25,260.0,1.7
527,woobat,flying,psychic,unaware,klutz,simple,65,45,43,55,43,72,2.1,0.4
528,swoobat,flying,psychic,unaware,klutz,simple,67,57,55,77,55,114,10.5,0.9
529,drilbur,ground,,sand-rush,sand-force,mold-breaker,60,85,40,30,45,68,8.5,0.3
530,excadrill,ground,steel,sand-rush,sand-force,mold-breaker,110,135,60,50,65,88,40.4,0.7
531,audino,normal,,healer,regenerator,klutz,103,60,86,60,86,50,31.0,1.1
532,timburr,fighting,,guts,sheer-force,iron-fist,75,80,55,25,35,35,12.5,0.6
533,gurdurr,fighting,,guts,sheer-force,iron-fist,85,105,85,40,50,40,40.0,1.2
534,conkeldurr,fighting,,guts,sheer-force,iron-fist,105,140,95,55,65,45,87.0,1.4
535,tympole,water,,swift-swim,hydration,water-absorb,50,50,40,50,40,64,4.5,0.5
536,palpitoad,ground,water,swift-swim,hydration,water-absorb,75,65,55,65,55,69,17.0,0.8
537,seismitoad,ground,water,swift-swim,poison-touch,water-absorb,105,95,75,85,75,74,62.0,1.5
538,throh,fighting,,guts,inner-focus,mold-breaker,120,100,85,30,85,45,55.5,1.3
539,sawk,fighting,,sturdy,inner-focus,mold-breaker,75,125,75,30,75,85,51.0,1.4
540,sewaddle,bug,grass,swarm,chlorophyll,overcoat,45,53,70,40,60,42,2.5,0.3
541,swadloon,bug,grass,leaf-guard,chlorophyll,overcoat,55,63,90,50,80,42,7.3,0.5
542,leavanny,bug,grass,swarm,chlorophyll,overcoat,75,103,80,70,80,92,20.5,1.2
543,venipede,bug,poison,poison-point,swarm,speed-boost,30,45,59,30,39,57,5.3,0.4
544,whirlipede,bug,poison,poison-point,swarm,speed-boost,40,55,99,40,79,47,58.5,1.2
545,scolipede,bug,poison,poison-point,swarm,speed-boost,60,100,89,55,69,112,200.5,2.5
546,cottonee,fairy,grass,prankster,infiltrator,chlorophyll,40,27,60,37,50,66,0.6,0.3
547,whimsicott,fairy,grass,prankster,infiltrator,chlorophyll,60,67,85,77,75,116,6.6,0.7
548,petilil,grass,,chlorophyll,own-tempo,leaf-guard,45,35,50,70,50,30,6.6,0.5
549,lilligant,grass,,chlorophyll,own-tempo,leaf-guard,70,60,75,110,75,90,16.3,1.1
550,basculin-red-striped,water,,reckless,adaptability,mold-breaker,70,92,65,80,55,98,18.0,1.0
551,sandile,dark,ground,intimidate,moxie,anger-point,50,72,35,35,35,65,15.2,0.7
552,krokorok,dark,ground,intimidate,moxie,anger-point,60,82,45,45,45,74,33.4,1.0
553,krookodile,dark,ground,intimidate,moxie,anger-point,95,117,80,65,70,92,96.3,1.5
554,darumaka,fire,,hustle,inner-focus,,70,90,45,15,45,50,37.5,0.6
555,darmanitan-standard,fire,,sheer-force,zen-mode,,105,140,55,30,55,95,92.9,1.3
556,maractus,grass,,water-absorb,chlorophyll,storm-drain,75,86,67,106,67,60,28.0,1.0
557,dwebble,bug,rock,sturdy,shell-armor,weak-armor,50,65,85,35,35,55,14.5,0.3
558,crustle,bug,rock,sturdy,shell-armor,weak-armor,70,105,125,65,75,45,200.0,1.4
559,scraggy,dark,fighting,shed-skin,moxie,intimidate,50,75,70,35,70,48,11.8,0.6
560,scrafty,dark,fighting,shed-skin,moxie,intimidate,65,90,115,45,115,58,30.0,1.1
561,sigilyph,flying,psychic,wonder-skin,magic-guard,tinted-lens,72,58,80,103,80,97,14.0,1.4
562,yamask,ghost,,mummy,,,38,30,85,55,65,30,1.5,0.5
563,cofagrigus,ghost,,mummy,,,58,50,145,95,105,30,76.5,1.7
564,tirtouga,rock,water,solid-rock,sturdy,swift-swim,54,78,103,53,45,22,16.5,0.7
565,carracosta,rock,water,solid-rock,sturdy,swift-swim,74,108,133,83,65,32,81.0,1.2
566,archen,flying,rock,defeatist,,,55,112,45,74,45,70,9.5,0.5
567,archeops,flying,rock,defeatist,,,75,140,65,112,65,110,32.0,1.4
568,trubbish,poison,,stench,sticky-hold,aftermath,50,50,62,40,62,65,31.0,0.6
569,garbodor,poison,,stench,weak-armor,aftermath,80,95,82,60,82,75,107.3,1.9
570,zorua,dark,,illusion,,,40,65,40,80,40,65,12.5,0.7
571,zoroark,dark,,illusion,,,60,105,60,120,60,105,81.1,1.6
572,minccino,normal,,cute-charm,technician,skill-link,55,50,40,40,40,75,5.8,0.4
573,cinccino,normal,,cute-charm,technician,skill-link,75,95,60,65,60,115,7.5,0.5
574,gothita,psychic,,frisk,competitive,shadow-tag,45,30,50,55,65,45,5.8,0.4
575,gothorita,psychic,,frisk,competitive,shadow-tag,60,45,70,75,85,55,18.0,0.7
576,gothitelle,psychic,,frisk,competitive,shadow-tag,70,55,95,95,110,65,44.0,1.5
577,solosis,psychic,,overcoat,magic-guard,regenerator,45,30,40,105,50,20,1.0,0.3
578,duosion,psychic,,overcoat,magic-guard,regenerator,65,40,50,125,60,30,8.0,0.6
579,reuniclus,psychic,,overcoat,magic-guard,regenerator,110,65,75,125,85,30,20.1,1.0
580,ducklett,flying,water,keen-eye,big-pecks,hydration,62,44,50,44,50,55,5.5,0.5
581,swanna,flying,water,keen-eye,big-pecks,hydration,75,87,63,87,63,98,24.2,1.3
582,vanillite,ice,,ice-body,snow-cloak,weak-armor,36,50,50,65,60,44,5.7,0.4
583,vanillish,ice,,ice-body,snow-cloak,weak-armor,51,65,65,80,75,59,41.0,1.1
584,vanilluxe,ice,,ice-body,snow-warning,weak-armor,71,95,85,110,95,79,57.5,1.3
585,deerling,grass,normal,chlorophyll,sap-sipper,serene-grace,60,60,50,40,50,75,19.5,0.6
586,sawsbuck,grass,normal,chlorophyll,sap-sipper,serene-grace,80,100,70,60,70,95,92.5,1.9
587,emolga,electric,flying,static,motor-drive,,55,75,60,75,60,103,5.0,0.4
588,karrablast,bug,,swarm,shed-skin,no-guard,50,75,45,40,45,60,5.9,0.5
589,escavalier,bug,steel,swarm,shell-armor,overcoat,70,135,105,60,105,20,33.0,1.0
590,foongus,grass,poison,effect-spore,regenerator,,69,55,45,55,55,15,1.0,0.2
591,amoonguss,grass,poison,effect-spore,regenerator,,114,85,70,85,80,30,10.5,0.6
592,frillish-male,ghost,water,water-absorb,cursed-body,damp,55,40,50,65,85,40,33.0,1.2
593,jellicent-male,ghost,water,water-absorb,cursed-body,damp,100,60,70,85,105,60,135.0,2.2
594,alomomola,water,,healer,hydration,regenerator,165,75,80,40,45,65,31.6,1.2
595,joltik,bug,electric,compound-eyes,unnerve,swarm,50,47,50,57,50,65,0.6,0.1
596,galvantula,bug,electric,compound-eyes,unnerve,swarm,70,77,60,97,60,108,14.3,0.8
597,ferroseed,grass,steel,iron-barbs,,,44,50,91,24,86,10,18.8,0.6
598,ferrothorn,grass,steel,iron-barbs,anticipation,,74,94,131,54,116,20,110.0,1.0
599,klink,steel,,plus,minus,clear-body,40,55,70,45,60,30,21.0,0.3
600,klang,steel,,plus,minus,clear-body,60,80,95,70,85,50,51.0,0.6
601,klinklang,steel,,plus,minus,clear-body,60,100,115,70,85,90,81.0,0.6
602,tynamo,electric,,levitate,,,35,55,40,45,40,60,0.3,0.2
603,eelektrik,electric,,levitate,,,65,85,70,75,70,40,22.0,1.2
604,eelektross,electric,,levitate,,,85,115,80,105,80,50,80.5,2.1
605,elgyem,psychic,,telepathy,synchronize,analytic,55,55,55,85,55,30,9.0,0.5
606,beheeyem,psychic,,telepathy,synchronize,analytic,75,75,75,125,95,40,34.5,1.0
607,litwick,fire,ghost,flash-fire,flame-body,infiltrator,50,30,55,65,55,20,3.1,0.3
608,lampent,fire,ghost,flash-fire,flame-body,infiltrator,60,40,60,95,60,55,13.0,0.6
609,chandelure,fire,ghost,flash-fire,flame-body,infiltrator,60,55,90,145,90,80,34.3,1.0
610,axew,dragon,,rivalry,mold-breaker,unnerve,46,87,60,30,40,57,18.0,0.6
611,fraxure,dragon,,rivalry,mold-breaker,unnerve,66,117,70,40,50,67,36.0,1.0
612,haxorus,dragon,,rivalry,mold-breaker,unnerve,76,147,90,60,70,97,105.5,1.8
613,cubchoo,ice,,snow-cloak,slush-rush,rattled,55,70,40,60,40,40,8.5,0.5
614,beartic,ice,,snow-cloak,slush-rush,swift-swim,95,130,80,70,80,50,260.0,2.6
615,cryogonal,ice,,levitate,,,80,50,50,95,135,105,148.0,1.1
616,shelmet,bug,,hydration,shell-armor,overcoat,50,40,85,40,65,25,7.7,0.4
617,accelgor,bug,,hydration,sticky-hold,unburden,80,70,40,100,60,145,25.3,0.8
618,stunfisk,electric,ground,static,limber,sand-veil,109,66,84,81,99,32,11.0,0.7
619,mienfoo,fighting,,inner-focus,regenerator,reckless,45,85,50,55,50,65,20.0,0.9
620,mienshao,fighting,,inner-focus,regenerator,reckless,65,125,60,95,60,105,35.5,1.4
621,druddigon,dragon,,rough-skin,sheer-force,mold-breaker,77,120,90,60,90,48,139.0,1.6
622,golett,ghost,ground,iron-fist,klutz,no-guard,59,74,50,35,50,35,92.0,1.0
623,golurk,ghost,ground,iron-fist,klutz,no-guard,89,124,80,55,80,55,330.0,2.8
624,pawniard,dark,steel,defiant,inner-focus,pressure,45,85,70,40,40,60,10.2,0.5
625,bisharp,dark,steel,defiant,inner-focus,pressure,65,125,100,60,70,70,70.0,1.6
626,bouffalant,normal,,reckless,sap-sipper,soundproof,95,110,95,40,95,55,94.6,1.6
627,rufflet,flying,normal,keen-eye,sheer-force,hustle,70,83,50,37,50,60,10.5,0.5
628,braviary,flying,normal,keen-eye,sheer-force,defiant,100,123,75,57,75,80,41.0,1.5
629,vullaby,dark,flying,big-pecks,overcoat,weak-armor,70,55,75,45,65,60,9.0,0.5
630,mandibuzz,dark,flying,big-pecks,overcoat,weak-armor,110,65,105,55,95,80,39.5,1.2
631,heatmor,fire,,gluttony,flash-fire,white-smoke,85,97,66,105,66,65,58.0,1.4
632,durant,bug,steel,swarm,hustle,truant,58,109,112,48,48,109,33.0,0.3
633,deino,dark,dragon,hustle,,,52,65,50,45,50,38,17.3,0.8
634,zweilous,dark,dragon,hustle,,,72,85,70,65,70,58,50.0,1.4
635,hydreigon,dark,dragon,levitate,,,92,105,90,125,90,98,160.0,1.8
636,larvesta,bug,fire,flame-body,swarm,,55,85,55,50,55,60,28.8,1.1
637,volcarona,bug,fire,flame-body,swarm,,85,60,65,135,105,100,46.0,1.6
638,cobalion,fighting,steel,justified,,,91,90,129,90,72,108,250.0,2.1
639,terrakion,fighting,rock,justified,,,91,129,90,72,90,108,260.0,1.9
640,virizion,fighting,grass,justified,,,91,90,72,90,129,108,200.0,2.0
641,tornadus-incarnate,flying,,prankster,defiant,,79,115,70,125,80,111,63.0,1.5
642,thundurus-incarnate,electric,flying,prankster,defiant,,79,115,70,125,80,111,61.0,1.5
643,reshiram,dragon,fire,turboblaze,,,100,120,100,150,120,90,330.0,3.2
644,zekrom,dragon,electric,teravolt,,,100,150,120,120,100,90,345.0,2.9
645,landorus-incarnate,flying,ground,sand-force,sheer-force,,89,125,90,115,80,101,68.0,1.5
646,kyurem,dragon,ice,pressure,,,125,130,90,130,90,95,325.0,3.0
647,keldeo-ordinary,fighting,water,justified,,,91,72,90,129,90,108,48.5,1.4
648,meloetta-aria,normal,psychic,serene-grace,,,100,77,77,128,128,90,6.5,0.6
649,genesect,bug,steel,download,,,71,120,95,120,95,99,82.5,1.5
650,chespin,grass,,overgrow,bulletproof,,56,61,65,48,45,38,9.0,0.4
651,quilladin,grass,,overgrow,bulletproof,,61,78,95,56,58,57,29.0,0.7
652,chesnaught,fighting,grass,overgrow,bulletproof,,88,107,122,74,75,64,90.0,1.6
653,fennekin,fire,,blaze,magician,,40,45,40,62,60,60,9.4,0.4
654,braixen,fire,,blaze,magician,,59,59,58,90,70,73,14.5,1.0
655,delphox,fire,psychic,blaze,magician,,75,69,72,114,100,104,39.0,1.5
656,froakie,water,,torrent,protean,,41,56,40,62,44,71,7.0,0.3
657,frogadier,water,,torrent,protean,,54,63,52,83,56,97,10.9,0.6
658,greninja,dark,water,torrent,protean,,72,95,67,103,71,122,40.0,1.5
659,bunnelby,normal,,pickup,cheek-pouch,huge-power,38,36,38,32,36,57,5.0,0.4
660,diggersby,ground,normal,pickup,cheek-pouch,huge-power,85,56,77,50,77,78,42.4,1.0
661,fletchling,flying,normal,big-pecks,gale-wings,,45,50,43,40,38,62,1.7,0.3
662,fletchinder,fire,flying,flame-body,gale-wings,,62,73,55,56,52,84,16.0,0.7
663,talonflame,fire,flying,flame-body,gale-wings,,78,81,71,74,69,126,24.5,1.2
664,scatterbug,bug,,shield-dust,compound-eyes,friend-guard,38,35,40,27,25,35,2.5,0.3
665,spewpa,bug,,shed-skin,friend-guard,,45,22,60,27,30,29,8.4,0.3
666,vivillon,bug,flying,shield-dust,compound-eyes,friend-guard,80,52,50,90,50,89,17.0,1.2
667,litleo,fire,normal,rivalry,unnerve,moxie,62,50,58,73,54,72,13.5,0.6
668,pyroar-male,fire,normal,rivalry,unnerve,moxie,86,68,72,109,66,106,81.5,1.5
669,flabebe,fairy,,flower-veil,symbiosis,,44,38,39,61,79,42,0.1,0.1
670,floette,fairy,,flower-veil,symbiosis,,54,45,47,75,98,52,0.9,0.2
671,florges,fairy,,flower-veil,symbiosis,,78,65,68,112,154,75,10.0,1.1
672,skiddo,grass,,sap-sipper,grass-pelt,,66,65,48,62,57,52,31.0,0.9
673,gogoat,grass,,sap-sipper,grass-pelt,,123,100,62,97,81,68,91.0,1.7
674,pancham,fighting,,iron-fist,mold-breaker,scrappy,67,82,62,46,48,43,8.0,0.6
675,pangoro,dark,fighting,iron-fist,mold-breaker,scrappy,95,124,78,69,71,58,136.0,2.1
676,furfrou,normal,,fur-coat,,,75,80,60,65,90,102,28.0,1.2
677,espurr,psychic,,keen-eye,infiltrator,own-tempo,62,48,54,63,60,68,3.5,0.3
678,meowstic-male,psychic,,keen-eye,infiltrator,prankster,74,48,76,83,81,104,8.5,0.6
679,honedge,ghost,steel,no-guard,,,45,80,100,35,37,28,2.0,0.8
680,doublade,ghost,steel,no-guard,,,59,110,150,45,49,35,4.5,0.8
681,aegislash-shield,ghost,steel,stance-change,,,60,50,140,50,140,60,53.0,1.7
682,spritzee,fairy,,healer,aroma-veil,,78,52,60,63,65,23,0.5,0.2
683,aromatisse,fairy,,healer,aroma-veil,,101,72,72,99,89,29,15.5,0.8
684,swirlix,fairy,,sweet-veil,unburden,,62,48,66,59,57,49,3.5,0.4
685,slurpuff,fairy,,sweet-veil,unburden,,82,80,86,85,75,72,5.0,0.8
686,inkay,dark,psychic,contrary,suction-cups,infiltrator,53,54,53,37,46,45,3.5,0.4
687,malamar,dark,psychic,contrary,suction-cups,infiltrator,86,92,88,68,75,73,47.0,1.5
688,binacle,rock,water,tough-claws,sniper,pickpocket,42,52,67,39,56,50,31.0,0.5
689,barbaracle,rock,water,tough-claws,sniper,pickpocket,72,105,115,54,86,68,96.0,1.3
690,skrelp,poison,water,poison-point,poison-touch,adaptability,50,60,60,60,60,30,7.3,0.5
691,dragalge,dragon,poison,poison-point,poison-touch,adaptability,65,75,90,97,123,44,81.5,1.8
692,clauncher,water,,mega-launcher,,,50,53,62,58,63,44,8.3,0.5
693,clawitzer,water,,mega-launcher,,,71,73,88,120,89,59,35.3,1.3
694,helioptile,electric,normal,dry-skin,sand-veil,solar-power,44,38,33,61,43,70,6.0,0.5
695,heliolisk,electric,normal,dry-skin,sand-veil,solar-power,62,55,52,109,94,109,21.0,1.0
696,tyrunt,dragon,rock,strong-jaw,sturdy,,58,89,77,45,45,48,26.0,0.8
697,tyrantrum,dragon,rock,strong-jaw,rock-head,,82,121,119,69,59,71,270.0,2.5
698,amaura,ice,rock,refrigerate,snow-warning,,77,59,50,67,63,46,25.2,1.3
699,aurorus,ice,rock,refrigerate,snow-warning,,123,77,72,99,92,58,225.0,2.7
700,sylveon,fairy,,cute-charm,pixilate,,95,65,65,110,130,60,23.5,1.0
701,hawlucha,fighting,flying,limber,unburden,mold-breaker,78,92,75,74,63,118,21.5,0.8
702,dedenne,electric,fairy,cheek-pouch,pickup,plus,67,58,57,81,67,101,2.2,0.2
703,carbink,fairy,rock,clear-body,sturdy,,50,50,150,50,150,50,5.7,0.3
704,goomy,dragon,,sap-sipper,hydration,gooey,45,50,35,55,75,40,2.8,0.3
705,sliggoo,dragon,,sap-sipper,hydration,gooey,68,75,53,83,113,60,17.5,0.8
706,goodra,dragon,,sap-sipper,hydration,gooey,90,100,70,110,150,80,150.5,2.0
707,klefki,fairy,steel,prankster,magician,,57,80,91,80,87,75,3.0,0.2
708,phantump,ghost,grass,natural-cure,frisk,harvest,43,70,48,50,60,38,7.0,0.4
709,trevenant,ghost,grass,natural-cure,frisk,harvest,85,110,76,65,82,56,71.0,1.5
710,pumpkaboo-average,ghost,grass,pickup,frisk,insomnia,49,66,70,44,55,51,5.0,0.4
711,gourgeist-average,ghost,grass,pickup,frisk,insomnia,65,90,122,58,75,84,12.5,0.9
712,bergmite,ice,,own-tempo,ice-body,sturdy,55,69,85,32,35,28,99.5,1.0
713,avalugg,ice,,own-tempo,ice-body,sturdy,95,117,184,44,46,28,505.0,2.0
714,noibat,dragon,flying,frisk,infiltrator,telepathy,40,30,35,45,40,55,8.0,0.5
715,noivern,dragon,flying,frisk,infiltrator,telepathy,85,70,80,97,80,123,85.0,1.5
716,xerneas,fairy,,fairy-aura,,,126,131,95,131,98,99,215.0,3.0
717,yveltal,dark,flying,dark-aura,,,126,131,95,131,98,99,203.0,5.8
718,zygarde-50,dragon,ground,aura-break,,,108,100,121,81,95,95,305.0,5.0
719,diancie,fairy,rock,clear-body,,,50,100,150,100,150,50,8.8,0.7
720,hoopa,ghost,psychic,magician,,,80,110,60,150,130,70,9.0,0.5
721,volcanion,fire,water,water-absorb,,,80,110,120,130,90,70,195.0,1.7
722,rowlet,flying,grass,overgrow,long-reach,,68,55,55,50,50,42,1.5,0.3
723,dartrix,flying,grass,overgrow,long-reach,,78,75,75,70,70,52,16.0,0.7
724,decidueye,ghost,grass,overgrow,long-reach,,78,107,75,100,100,70,36.6,1.6
725,litten,fire,,blaze,intimidate,,45,65,40,60,40,70,4.3,0.4
726,torracat,fire,,blaze,intimidate,,65,85,50,80,50,90,25.0,0.7
727,incineroar,dark,fire,blaze,intimidate,,95,115,90,80,90,60,83.0,1.8
728,popplio,water,,torrent,liquid-voice,,50,54,54,66,56,40,7.5,0.4
729,brionne,water,,torrent,liquid-voice,,60,69,69,91,81,50,17.5,0.6
730,primarina,fairy,water,torrent,liquid-voice,,80,74,74,126,116,60,44.0,1.8
731,pikipek,flying,normal,keen-eye,skill-link,pickup,35,75,30,30,30,65,1.2,0.3
732,trumbeak,flying,normal,keen-eye,skill-link,pickup,55,85,50,40,50,75,14.8,0.6
733,toucannon,flying,normal,keen-eye,skill-link,sheer-force,80,120,75,75,75,60,26.0,1.1
734,yungoos,normal,,stakeout,strong-jaw,adaptability,48,70,30,30,30,45,6.0,0.4
735,gumshoos,normal,,stakeout,strong-jaw,adaptability,88,110,60,55,60,45,14.2,0.7
736,grubbin,bug,,swarm,,,47,62,45,55,45,46,4.4,0.4
737,charjabug,bug,electric,battery,,,57,82,95,55,75,36,10.5,0.5
738,vikavolt,bug,electric,levitate,,,77,70,90,145,75,43,45.0,1.5
739,crabrawler,fighting,,hyper-cutter,iron-fist,anger-point,47,82,57,42,47,63,7.0,0.6
740,crabominable,fighting,ice,hyper-cutter,iron-fist,anger-point,97,132,77,62,67,43,180.0,1.7
741,oricorio-baile,fire,flying,dancer,,,75,70,70,98,70,93,3.4,0.6
742,cutiefly,bug,fairy,honey-gather,shield-dust,sweet-veil,40,45,40,55,40,84,0.2,0.1
743,ribombee,bug,fairy,honey-gather,shield-dust,sweet-veil,60,55,60,95,70,124,0.5,0.2
744,rockruff,rock,,keen-eye,vital-spirit,steadfast,45,65,40,30,40,60,9.2,0.5
745,lycanroc-midday,rock,,keen-eye,sand-rush,steadfast,75,115,65,55,65,112,25.0,0.8
746,wishiwashi-solo,water,,schooling,,,45,20,20,25,25,40,0.3,0.2
747,mareanie,poison,water,merciless,limber,regenerator,50,53,62,43,52,45,8.0,0.4
748,toxapex,poison,water,merciless,limber,regenerator,50,63,152,53,142,35,14.5,0.7
749,mudbray,ground,,own-tempo,stamina,inner-focus,70,100,70,45,55,45,110.0,1.0
750,mudsdale,ground,,own-tempo,stamina,inner-focus,100,125,100,55,85,35,920.0,2.5
751,dewpider,bug,water,water-bubble,water-absorb,,38,40,52,40,72,27,4.0,0.3
752,araquanid,bug,water,water-bubble,water-absorb,,68,70,92,50,132,42,82.0,1.8
753,fomantis,grass,,leaf-guard,contrary,,40,55,35,50,35,35,1.5,0.3
754,lurantis,grass,,leaf-guard,contrary,,70,105,90,80,90,45,18.5,0.9
755,morelull,fairy,grass,illuminate,effect-spore,rain-dish,40,35,55,65,75,15,1.5,0.2
756,shiinotic,fairy,grass,illuminate,effect-spore,rain-dish,60,45,80,90,100,30,11.5,1.0
757,salandit,fire,poison,corrosion,oblivious,,48,44,40,71,40,77,4.8,0.6
758,salazzle,fire,poison,corrosion,oblivious,,68,64,60,111,60,117,22.2,1.2
759,stufful,fighting,normal,fluffy,klutz,cute-charm,70,75,50,45,50,50,6.8,0.5
760,bewear,fighting,normal,fluffy,klutz,unnerve,120,125,80,55,60,60,135.0,2.1
761,bounsweet,grass,,leaf-guard,oblivious,sweet-veil,42,30,38,30,38,32,3.2,0.3
762,steenee,grass,,leaf-guard,oblivious,sweet-veil,52,40,48,40,48,62,8.2,0.7
763,tsareena,grass,,leaf-guard,queenly-majesty,sweet-veil,72,120,98,50,98,72,21.4,1.2
764,comfey,fairy,,flower-veil,triage,natural-cure,51,52,90,82,110,100,0.3,0.1
765,oranguru,normal,psychic,inner-focus,telepathy,symbiosis,90,60,80,90,110,60,76.0,1.5
766,passimian,fighting,,receiver,defiant,,100,120,90,40,60,80,82.8,2.0
767,wimpod,bug,water,wimp-out,,,25,35,40,20,30,80,12.0,0.5
768,golisopod,bug,water,emergency-exit,,,75,125,140,60,90,40,108.0,2.0
769,sandygast,ghost,ground,water-compaction,sand-veil,,55,55,80,70,45,15,70.0,0.5
770,palossand,ghost,ground,water-compaction,sand-veil,,85,75,110,100,75,35,250.0,1.3
771,pyukumuku,water,,innards-out,unaware,,55,60,130,30,130,5,1.2,0.3
772,type-null,normal,,battle-armor,,,95,95,95,95,95,59,120.5,1.9
773,silvally,normal,,rks-system,,,95,95,95,95,95,95,100.5,2.3
774,minior-red-meteor,flying,rock,shields-down,,,60,60,100,60,100,60,40.0,0.3
775,komala,normal,,comatose,,,65,115,65,75,95,65,19.9,0.4
776,turtonator,dragon,fire,shell-armor,,,60,78,135,91,85,36,212.0,2.0
777,togedemaru,electric,steel,iron-barbs,lightning-rod,sturdy,65,98,63,40,73,96,3.3,0.3
778,mimikyu-disguised,fairy,ghost,disguise,,,55,90,80,50,105,96,0.7,0.2
779,bruxish,psychic,water,dazzling,strong-jaw,wonder-skin,68,105,70,70,70,92,19.0,0.9
780,drampa,dragon,normal,berserk,sap-sipper,cloud-nine,78,60,85,135,91,36,185.0,3.0
781,dhelmise,ghost,grass,steelworker,,,70,131,100,86,90,40,210.0,3.9
782,jangmo-o,dragon,,bulletproof,soundproof,overcoat,45,55,65,45,45,45,29.7,0.6
783,hakamo-o,dragon,fighting,bulletproof,soundproof,overcoat,55,75,90,65,70,65,47.0,1.2
784,kommo-o,dragon,fighting,bulletproof,soundproof,overcoat,75,110,125,100,105,85,78.2,1.6
785,tapu-koko,electric,fairy,electric-surge,telepathy,,70,115,85,95,75,130,20.5,1.8
786,tapu-lele,fairy,psychic,psychic-surge,telepathy,,70,85,75,130,115,95,18.6,1.2
787,tapu-bulu,fairy,grass,grassy-surge,telepathy,,70,130,115,85,95,75,45.5,1.9
788,tapu-fini,fairy,water,misty-surge,telepathy,,70,75,115,95,130,85,21.2,1.3
789,cosmog,psychic,,unaware,,,43,29,31,29,31,37,0.1,0.2
790,cosmoem,psychic,,sturdy,,,43,29,131,29,131,37,999.9,0.1
791,solgaleo,psychic,steel,full-metal-body,,,137,137,107,113,89,97,230.0,3.4
792,lunala,ghost,psychic,shadow-shield,,,137,113,89,137,107,97,120.0,4.0
793,nihilego,poison,rock,beast-boost,,,109,53,47,127,131,103,55.5,1.2
794,buzzwole,bug,fighting,beast-boost,,,107,139,139,53,53,79,333.6,2.4
795,pheromosa,bug,fighting,beast-boost,,,71,137,37,137,37,151,25.0,1.8
796,xurkitree,electric,,beast-boost,,,83,89,71,173,71,83,100.0,3.8
797,celesteela,flying,steel,beast-boost,,,97,101,103,107,101,61,999.9,9.2
798,kartana,grass,steel,beast-boost,,,59,181,131,59,31,109,0.1,0.3
799,guzzlord,dark,dragon,beast-boost,,,223,101,53,97,53,43,888.0,5.5
800,necrozma,psychic,,prism-armor,,,97,107,101,127,89,79,230.0,2.4
801,magearna,fairy,steel,soul-heart,,,80,95,115,130,115,65,80.5,1.0
802,marshadow,fighting,ghost,technician,,,90,125,80,90,90,125,22.2,0.7
803,poipole,poison,,beast-boost,,,67,73,67,73,67,73,1.8,0.6
804,naganadel,dragon,poison,beast-boost,,,73,73,73,127,73,121,150.0,3.6
805,stakataka,rock,steel,beast-boost,,,61,131,211,53,101,13,820.0,5.5
806,blacephalon,fire,ghost,beast-boost,,,53,127,53,151,79,107,13.0,1.8
807,zeraora,electric,,volt-absorb,,,88,112,75,102,80,143,44.5,1.5
808,meltan,steel,,magnet-pull,,,46,65,65,55,35,34,8.0,0.2
809,melmetal,steel,,iron-fist,,,135,143,143,80,65,34,800.0,2.5
810,grookey,grass,,overgrow,grassy-surge,,50,65,50,40,40,65,5.0,0.3
811,thwackey,grass,,overgrow,grassy-surge,,70,85,70,55,60,80,14.0,0.7
812,rillaboom,grass,,overgrow,grassy-surge,,100,125,90,60,70,85,90.0,2.1
813,scorbunny,fire,,blaze,libero,,50,71,40,40,40,69,4.5,0.3
814,raboot,fire,,blaze,libero,,65,86,60,55,60,94,9.0,0.6
815,cinderace,fire,,blaze,libero,,80,116,75,65,75,119,33.0,1.4
816,sobble,water,,torrent,sniper,,50,40,40,70,40,70,4.0,0.3
817,drizzile,water,,torrent,sniper,,65,60,55,95,55,90,11.5,0.7
818,inteleon,water,,torrent,sniper,,70,85,65,125,65,120,45.2,1.9
819,skwovet,normal,,cheek-pouch,gluttony,,70,55,55,35,35,25,2.5,0.3
820,greedent,normal,,cheek-pouch,gluttony,,120,95,95,55,75,20,6.0,0.6
821,rookidee,flying,,keen-eye,unnerve,big-pecks,38,47,35,33,35,57,1.8,0.2
822,corvisquire,flying,,keen-eye,unnerve,big-pecks,68,67,55,43,55,77,16.0,0.8
823,corviknight,flying,steel,pressure,unnerve,mirror-armor,98,87,105,53,85,67,75.0,2.2
824,blipbug,bug,,swarm,compound-eyes,telepathy,25,20,20,25,45,45,8.0,0.4
825,dottler,bug,psychic,swarm,compound-eyes,telepathy,50,35,80,50,90,30,19.5,0.4
826,orbeetle,bug,psychic,swarm,frisk,telepathy,60,45,110,80,120,90,40.8,0.4
827,nickit,dark,,run-away,unburden,stakeout,40,28,28,47,52,50,8.9,0.6
828,thievul,dark,,run-away,unburden,stakeout,70,58,58,87,92,90,19.9,1.2
829,gossifleur,grass,,cotton-down,regenerator,effect-spore,40,40,60,40,60,10,2.2,0.4
830,eldegoss,grass,,cotton-down,regenerator,effect-spore,60,50,90,80,120,60,2.5,0.5
831,wooloo,normal,,fluffy,run-away,bulletproof,42,40,55,40,45,48,6.0,0.6
832,dubwool,normal,,fluffy,steadfast,bulletproof,72,80,100,60,90,88,43.0,1.3
833,chewtle,water,,strong-jaw,shell-armor,swift-swim,50,64,50,38,38,44,8.5,0.3
834,drednaw,rock,water,strong-jaw,shell-armor,swift-swim,90,115,90,48,68,74,115.5,1.0
835,yamper,electric,,ball-fetch,rattled,,59,45,50,40,50,26,13.5,0.3
836,boltund,electric,,strong-jaw,competitive,,69,90,60,90,60,121,34.0,1.0
837,rolycoly,rock,,steam-engine,heatproof,flash-fire,30,40,50,40,50,30,12.0,0.3
838,carkol,fire,rock,steam-engine,flame-body,flash-fire,80,60,90,60,70,50,78.0,1.1
839,coalossal,fire,rock,steam-engine,flame-body,flash-fire,110,80,120,80,90,30,310.5,2.8
840,applin,dragon,grass,ripen,gluttony,bulletproof,40,40,80,40,40,20,0.5,0.2
841,flapple,dragon,grass,ripen,gluttony,hustle,70,110,80,95,60,70,1.0,0.3
842,appletun,dragon,grass,ripen,gluttony,thick-fat,110,85,80,100,80,30,13.0,0.4
843,silicobra,ground,,sand-spit,shed-skin,sand-veil,52,57,75,35,50,46,7.6,2.2
844,sandaconda,ground,,sand-spit,shed-skin,sand-veil,72,107,125,65,70,71,65.5,3.8
845,cramorant,flying,water,gulp-missile,,,70,85,55,85,95,85,18.0,0.8
846,arrokuda,water,,swift-swim,propeller-tail,,41,63,40,40,30,66,1.0,0.5
847,barraskewda,water,,swift-swim,propeller-tail,,61,123,60,60,50,136,30.0,1.3
848,toxel,electric,poison,rattled,static,klutz,40,38,35,54,35,40,11.0,0.4
849,toxtricity-amped,electric,poison,punk-rock,plus,technician,75,98,70,114,70,75,40.0,1.6
850,sizzlipede,bug,fire,flash-fire,white-smoke,flame-body,50,65,45,50,50,45,1.0,0.7
851,centiskorch,bug,fire,flash-fire,white-smoke,flame-body,100,115,65,90,90,65,120.0,3.0
852,clobbopus,fighting,,limber,technician,,50,68,60,50,50,32,4.0,0.6
853,grapploct,fighting,,limber,technician,,80,118,90,70,80,42,39.0,1.6
854,sinistea,ghost,,weak-armor,cursed-body,,40,45,45,74,54,50,0.2,0.1
855,polteageist,ghost,,weak-armor,cursed-body,,60,65,65,134,114,70,0.4,0.2
856,hatenna,psychic,,healer,anticipation,magic-bounce,42,30,45,56,53,39,3.4,0.4
857,hattrem,psychic,,healer,anticipation,magic-bounce,57,40,65,86,73,49,4.8,0.6
858,hatterene,fairy,psychic,healer,anticipation,magic-bounce,57,90,95,136,103,29,5.1,2.1
859,impidimp,dark,fairy,prankster,frisk,pickpocket,45,45,30,55,40,50,5.5,0.4
860,morgrem,dark,fairy,prankster,frisk,pickpocket,65,60,45,75,55,70,12.5,0.8
861,grimmsnarl,dark,fairy,prankster,frisk,pickpocket,95,120,65,95,75,60,61.0,1.5
862,obstagoon,dark,normal,reckless,guts,defiant,93,90,101,60,81,95,46.0,1.6
863,perrserker,steel,,battle-armor,tough-claws,steely-spirit,70,110,100,50,60,50,28.0,0.8
864,cursola,ghost,,weak-armor,perish-body,,60,95,50,145,130,30,0.4,1.0
865,sirfetchd,fighting,,steadfast,scrappy,,62,135,95,68,82,65,117.0,0.8
866,mr-rime,ice,psychic,tangled-feet,screen-cleaner,ice-body,80,85,75,110,100,70,58.2,1.5
867,runerigus,ghost,ground,wandering-spirit,,,58,95,145,50,105,30,66.6,1.6
868,milcery,fairy,,sweet-veil,aroma-veil,,45,40,40,50,61,34,0.3,0.2
869,alcremie,fairy,,sweet-veil,aroma-veil,,65,60,75,110,121,64,0.5,0.3
870,falinks,fighting,,battle-armor,defiant,,65,100,100,70,60,75,62.0,3.0
871,pincurchin,electric,,lightning-rod,electric-surge,,48,101,95,91,85,15,1.0,0.3
872,snom,bug,ice,shield-dust,ice-scales,,30,25,35,45,30,20,3.8,0.3
873,frosmoth,bug,ice,shield-dust,ice-scales,,70,65,60,125,90,65,42.0,1.3
874,stonjourner,rock,,power-spot,,,100,125,135,20,20,70,520.0,2.5
875,eiscue-ice,ice,,ice-face,,,75,80,110,65,90,50,89.0,1.4
876,indeedee-male,normal,psychic,inner-focus,synchronize,psychic-surge,60,65,55,105,95,95,28.0,0.9
877,morpeko-full-belly,dark,electric,hunger-switch,,,58,95,58,70,58,97,3.0,0.3
878,cufant,steel,,sheer-force,heavy-metal,,72,80,49,40,49,40,100.0,1.2
879,copperajah,steel,,sheer-force,heavy-metal,,122,130,69,80,69,30,650.0,3.0
880,dracozolt,dragon,electric,volt-absorb,hustle,sand-rush,90,100,90,80,70,75,190.0,1.8
881,arctozolt,electric,ice,volt-absorb,static,slush-rush,90,100,90,90,80,55,150.0,2.3
882,dracovish,dragon,water,water-absorb,strong-jaw,sand-rush,90,90,100,70,80,75,215.0,2.3
883,arctovish,ice,water,water-absorb,ice-body,slush-rush,90,90,100,80,90,55,175.0,2.0
884,duraludon,dragon,steel,light-metal,heavy-metal,stalwart,70,95,115,120,50,85,40.0,1.8
885,dreepy,dragon,ghost,clear-body,infiltrator,cursed-body,28,60,30,40,30,82,2.0,0.5
886,drakloak,dragon,ghost,clear-body,infiltrator,cursed-body,68,80,50,60,50,102,11.0,1.4
887,dragapult,dragon,ghost,clear-body,infiltrator,cursed-body,88,120,75,100,75,142,50.0,3.0
888,zacian,fairy,,intrepid-sword,,,92,120,115,80,115,138,110.0,2.8
889,zamazenta,fighting,,dauntless-shield,,,92,120,115,80,115,138,210.0,2.9
890,eternatus,dragon,poison,pressure,,,140,85,95,145,95,130,950.0,20.0
891,kubfu,fighting,,inner-focus,,,60,90,60,53,50,72,12.0,0.6
892,urshifu-single-strike,dark,fighting,unseen-fist,,,100,130,100,63,60,97,105.0,1.9
893,zarude,dark,grass,leaf-guard,,,105,120,105,70,95,105,70.0,1.8
894,regieleki,electric,,transistor,,,80,100,50,100,50,200,145.0,1.2
895,regidrago,dragon,,dragons-maw,,,200,100,50,100,50,80,200.0,2.1
896,glastrier,ice,,chilling-neigh,,,100,145,130,65,110,30,800.0,2.2
897,spectrier,ghost,,grim-neigh,,,100,65,60,145,80,130,44.5,2.0
898,calyrex,grass,psychic,unnerve,,,100,80,80,80,80,80,7.7,1.1
899,wyrdeer,normal,psychic,intimidate,frisk,sap-sipper,103,105,72,105,75,65,95.1,1.8
900,kleavor,bug,rock,swarm,sheer-force,sharpness,70,135,95,45,70,85,89.0,1.8
901,ursaluna,ground,normal,guts,bulletproof,unnerve,130,140,105,45,80,50,290.0,2.4
902,basculegion-male,ghost,water,swift-swim,adaptability,mold-breaker,120,112,65,80,75,78,110.0,3.0
903,sneasler,fighting,poison,pressure,unburden,poison-touch,80,130,60,40,80,120,43.0,1.3
904,overqwil,dark,poison,poison-point,swift-swim,intimidate,85,115,95,65,65,85,60.5,2.5
905,enamorus-incarnate,fairy,flying,cute-charm,contrary,,74,115,70,135,80,106,48.0,1.6
906,sprigatito,grass,,overgrow,protean,,40,61,54,45,45,65,4.1,0.4
907,floragato,grass,,overgrow,protean,,61,80,63,60,63,83,12.2,0.9
908,meowscarada,dark,grass,overgrow,protean,,76,110,70,81,70,123,31.2,1.5
909,fuecoco,fire,,blaze,unaware,,67,45,59,63,40,36,9.8,0.4
910,crocalor,fire,,blaze,unaware,,81,55,78,90,58,49,30.7,1.0
911,skeledirge,fire,ghost,blaze,unaware,,104,75,100,110,75,66,326.5,1.6
912,quaxly,water,,torrent,moxie,,55,65,45,50,45,50,6.1,0.5
913,quaxwell,water,,torrent,moxie,,70,85,65,65,60,65,21.5,1.2
914,quaquaval,fighting,water,torrent,moxie,,85,120,80,85,75,85,61.9,1.8
915,lechonk,normal,,aroma-veil,gluttony,thick-fat,54,45,40,35,45,35,10.2,0.5
916,oinkologne-male,normal,,lingering-aroma,gluttony,thick-fat,110,100,75,59,80,65,120.0,1.0
917,tarountula,bug,,insomnia,stakeout,,35,41,45,29,40,20,4.0,0.3
918,spidops,bug,,insomnia,stakeout,,60,79,92,52,86,35,16.5,1.0
919,nymble,bug,,swarm,tinted-lens,,33,46,40,21,25,45,1.0,0.2
920,lokix,bug,dark,swarm,tinted-lens,,71,102,78,52,55,92,17.5,1.0
921,pawmi,electric,,static,natural-cure,iron-fist,45,50,20,40,25,60,2.5,0.3
922,pawmo,electric,fighting,volt-absorb,natural-cure,iron-fist,60,75,40,50,40,85,6.5,0.4
923,pawmot,electric,fighting,volt-absorb,natural-cure,iron-fist,70,115,70,70,60,105,41.0,0.9
924,tandemaus,normal,,run-away,pickup,own-tempo,50,50,45,40,45,75,1.8,0.3
925,maushold-family-of-four,normal,,friend-guard,cheek-pouch,technician,74,75,70,65,75,111,2.3,0.3
926,fidough,fairy,,own-tempo,klutz,,37,55,70,30,55,65,10.9,0.3
927,dachsbun,fairy,,well-baked-body,aroma-veil,,57,80,115,50,80,95,14.9,0.5
928,smoliv,grass,normal,early-bird,harvest,,41,35,45,58,51,30,6.5,0.3
929,dolliv,grass,normal,early-bird,harvest,,52,53,60,78,78,33,11.9,0.6
930,arboliva,grass,normal,seed-sower,harvest,,78,69,90,125,109,39,48.2,1.4
931,squawkabilly-green-plumage,flying,normal,intimidate,hustle,guts,82,96,51,45,51,92,2.4,0.6
932,nacli,rock,,purifying-salt,sturdy,clear-body,55,55,75,35,35,25,16.0,0.4
933,naclstack,rock,,purifying-salt,sturdy,clear-body,60,60,100,35,65,35,105.0,0.6
934,garganacl,rock,,purifying-salt,sturdy,clear-body,100,100,130,45,90,35,240.0,2.3
935,charcadet,fire,,flash-fire,flame-body,,40,50,40,50,40,35,10.5,0.6
936,armarouge,fire,psychic,flash-fire,weak-armor,,85,60,100,125,80,75,85.0,1.5
937,ceruledge,fire,ghost,flash-fire,weak-armor,,75,125,80,60,100,85,62.0,1.6
938,tadbulb,electric,,own-tempo,static,damp,61,31,41,59,35,45,0.4,0.3
939,bellibolt,electric,,electromorphosis,static,damp,109,64,91,103,83,45,113.0,1.2
940,wattrel,electric,flying,wind-power,volt-absorb,competitive,40,40,35,55,40,70,3.6,0.4
941,kilowattrel,electric,flying,wind-power,volt-absorb,competitive,70,70,60,105,60,125,38.6,1.4
942,maschiff,dark,,intimidate,run-away,stakeout,60,78,60,40,51,51,16.0,0.5
943,mabosstiff,dark,,intimidate,guard-dog,stakeout,80,120,90,60,70,85,61.0,1.1
944,shroodle,normal,poison,unburden,pickpocket,prankster,40,65,35,40,35,75,0.7,0.2
945,grafaiai,normal,poison,unburden,poison-touch,prankster,63,95,65,80,72,110,27.2,0.7
946,bramblin,ghost,grass,wind-rider,infiltrator,,40,65,30,45,35,60,0.6,0.6
947,brambleghast,ghost,grass,wind-rider,infiltrator,,55,115,70,80,70,90,6.0,1.2
948,toedscool,grass,ground,mycelium-might,,,40,40,35,50,100,70,33.0,0.9
949,toedscruel,grass,ground,mycelium-might,,,80,70,65,80,120,100,58.0,1.9
950,klawf,rock,,anger-shell,shell-armor,regenerator,70,100,115,35,55,75,79.0,1.3
951,capsakid,grass,,chlorophyll,insomnia,klutz,50,62,40,62,40,50,3.0,0.3
952,scovillain,fire,grass,chlorophyll,insomnia,moody,65,108,65,108,65,75,15.0,0.9
953,rellor,bug,,compound-eyes,shed-skin,,41,50,60,31,58,30,1.0,0.2
954,rabsca,bug,psychic,synchronize,telepathy,,75,50,85,115,100,45,3.5,0.3
955,flittle,psychic,,anticipation,frisk,speed-boost,30,35,30,55,30,75,1.5,0.2
956,espathra,psychic,,opportunist,frisk,speed-boost,95,60,60,101,60,105,90.0,1.9
957,tinkatink,fairy,steel,mold-breaker,own-tempo,pickpocket,50,45,45,35,64,58,8.9,0.4
958,tinkatuff,fairy,steel,mold-breaker,own-tempo,pickpocket,65,55,55,45,82,78,59.1,0.7
959,tinkaton,fairy,steel,mold-breaker,own-tempo,pickpocket,85,75,77,70,105,94,112.8,0.7
960,wiglett,water,,gooey,rattled,sand-veil,10,55,25,35,25,95,1.8,1.2
961,wugtrio,water,,gooey,rattled,sand-veil,35,100,50,50,70,120,5.4,1.2
962,bombirdier,dark,flying,big-pecks,keen-eye,rocky-payload,70,103,85,60,85,82,42.9,1.5
963,finizen,water,,water-veil,,,70,45,40,45,40,75,60.2,1.3
964,palafin-zero,water,,zero-to-hero,,,100,70,72,53,62,100,60.2,1.3
965,varoom,poison,steel,overcoat,slow-start,,45,70,63,30,45,47,35.0,1.0
966,revavroom,poison,steel,overcoat,filter,,80,119,90,54,67,90,120.0,1.8
967,cyclizar,dragon,normal,shed-skin,regenerator,,70,95,65,85,65,121,63.0,1.6
968,orthworm,steel,,earth-eater,sand-veil,,70,85,145,60,55,65,310.0,2.5
969,glimmet,poison,rock,toxic-debris,corrosion,,48,35,42,105,60,60,8.0,0.7
970,glimmora,poison,rock,toxic-debris,corrosion,,83,55,90,130,81,86,45.0,1.5
971,greavard,ghost,,pickup,fluffy,,50,61,60,30,55,34,35.0,0.6
972,houndstone,ghost,,sand-rush,fluffy,,72,101,100,50,97,68,15.0,2.0
973,flamigo,fighting,flying,scrappy,tangled-feet,costar,82,115,74,75,64,90,37.0,1.6
974,cetoddle,ice,,thick-fat,snow-cloak,sheer-force,108,68,45,30,40,43,45.0,1.2
975,cetitan,ice,,thick-fat,slush-rush,sheer-force,170,113,65,45,55,73,700.0,4.5
976,veluza,psychic,water,mold-breaker,sharpness,,90,102,73,78,65,70,90.0,2.5
977,dondozo,water,,unaware,oblivious,water-veil,150,100,115,65,65,35,220.0,12.0
978,tatsugiri-curly,dragon,water,commander,storm-drain,,68,50,60,120,95,82,8.0,0.3
979,annihilape,fighting,ghost,vital-spirit,inner-focus,defiant,110,115,80,50,90,90,56.0,1.2
980,clodsire,ground,poison,poison-point,water-absorb,unaware,130,75,60,45,100,20,223.0,1.8
981,farigiraf,normal,psychic,cud-chew,armor-tail,sap-sipper,120,90,70,110,70,60,160.0,3.2
982,dudunsparce-two-segment,normal,,serene-grace,run-away,rattled,125,100,80,85,75,55,39.2,3.6
983,kingambit,dark,steel,defiant,supreme-overlord,pressure,100,135,120,60,85,50,120.0,2.0
984,great-tusk,fighting,ground,protosynthesis,,,115,131,131,53,53,87,320.0,2.2
985,scream-tail,fairy,psychic,protosynthesis,,,115,65,99,65,115,111,8.0,1.2
986,brute-bonnet,dark,grass,protosynthesis,,,111,127,99,79,99,55,21.0,1.2
987,flutter-mane,fairy,ghost,protosynthesis,,,55,55,55,135,135,135,4.0,1.4
988,slither-wing,bug,fighting,protosynthesis,,,85,135,79,85,105,81,92.0,3.2
989,sandy-shocks,electric,ground,protosynthesis,,,85,81,97,121,85,101,60.0,2.3
990,iron-treads,ground,steel,quark-drive,,,90,112,120,72,70,106,240.0,0.9
991,iron-bundle,ice,water,quark-drive,,,56,80,114,124,60,136,11.0,0.6
992,iron-hands,electric,fighting,quark-drive,,,154,140,108,50,68,50,380.7,1.8
993,iron-jugulis,dark,flying,quark-drive,,,94,80,86,122,80,108,111.0,1.3
994,iron-moth,fire,poison,quark-drive,,,80,70,60,140,110,110,36.0,1.2
995,iron-thorns,electric,rock,quark-drive,,,100,134,110,70,84,72,303.0,1.6
996,frigibax,dragon,ice,thermal-exchange,ice-body,,65,75,45,35,45,55,17.0,0.5
997,arctibax,dragon,ice,thermal-exchange,ice-body,,90,95,66,45,65,62,30.0,0.8
998,baxcalibur,dragon,ice,thermal-exchange,ice-body,,115,145,92,75,86,87,210.0,2.1
999,gimmighoul,ghost,,rattled,,,45,30,70,75,70,10,5.0,0.3
1000,gholdengo,ghost,steel,good-as-gold,,,87,60,95,133,91,84,30.0,1.2
1001,wo-chien,dark,grass,tablets-of-ruin,,,85,85,100,95,135,70,74.2,1.5
1002,chien-pao,dark,ice,sword-of-ruin,,,80,120,80,90,65,135,152.2,1.9
1003,ting-lu,dark,ground,vessel-of-ruin,,,155,110,125,55,80,45,699.7,2.7
1004,chi-yu,dark,fire,beads-of-ruin,,,55,80,80,135,120,100,4.9,0.4
1005,roaring-moon,dark,dragon,protosynthesis,,,105,139,71,55,101,119,380.0,2.0
1006,iron-valiant,fairy,fighting,quark-drive,,,74,130,90,120,60,116,35.0,1.4
1007,koraidon,dragon,fighting,orichalcum-pulse,,,100,135,115,85,100,135,303.0,2.5
1008,miraidon,dragon,electric,hadron-engine,,,100,85,100,135,115,135,240.0,3.5
1009,walking-wake,dragon,water,protosynthesis,,,99,83,91,125,83,109,280.0,3.5
1010,iron-leaves,grass,psychic,quark-drive,,,90,130,88,70,108,104,125.0,1.5
1011,dipplin,dragon,grass,supersweet-syrup,gluttony,sticky-hold,80,80,110,95,80,40,9.7,0.4
1012,poltchageist,ghost,grass,hospitality,heatproof,,40,45,45,74,54,50,1.1,0.1
1013,sinistcha,ghost,grass,hospitality,heatproof,,71,60,106,121,80,70,2.2,0.2
1014,okidogi,fighting,poison,toxic-chain,guard-dog,,88,128,115,58,86,80,92.2,1.8
1015,munkidori,poison,psychic,toxic-chain,frisk,,88,75,66,130,90,106,12.2,1.0
1016,fezandipiti,fairy,poison,toxic-chain,technician,,88,91,82,70,125,99,30.1,1.4
1017,ogerpon,grass,,defiant,,,80,120,84,60,96,110,39.8,1.2
1018,archaludon,dragon,steel,stamina,sturdy,stalwart,90,105,130,125,65,85,60.0,2.0
1019,hydrapple,dragon,grass,supersweet-syrup,regenerator,sticky-hold,106,80,110,120,80,44,93.0,1.8
1020,gouging-fire,dragon,fire,protosynthesis,,,105,115,121,65,93,91,590.0,3.5
1021,raging-bolt,dragon,electric,protosynthesis,,,125,73,91,137,89,75,480.0,5.2
1022,iron-boulder,psychic,rock,quark-drive,,,90,120,80,68,108,124,162.5,1.5
1023,iron-crown,psychic,steel,quark-drive,,,90,72,100,122,108,98,156.0,1.6
1024,terapagos,normal,,tera-shift,,,90,65,85,65,85,60,6.5,0.2
1025,pecharunt,ghost,poison,poison-puppeteer,,,88,88,160,88,88,88,0.3,0.3
10001,deoxys-attack,psychic,,pressure,,,50,180,20,180,20,150,60.8,1.7
10002,deoxys-defense,psychic,,pressure,,,50,70,160,70,160,90,60.8,1.7
10003,deoxys-speed,psychic,,pressure,,,50,95,90,95,90,180,60.8,1.7
10004,wormadam-sandy,bug,ground,anticipation,overcoat,,60,79,105,59,85,36,6.5,0.5
10005,wormadam-trash,bug,steel,anticipation,overcoat,,60,69,95,69,95,36,6.5,0.5
10006,shaymin-sky,flying,grass,serene-grace,,,100,103,75,120,75,127,5.2,0.4
10007,giratina-origin,dragon,ghost,levitate,,,150,120,100,120,100,90,650.0,6.9
10008,rotom-heat,electric,fire,levitate,,,50,65,107,105,107,86,0.3,0.3
10009,rotom-wash,electric,water,levitate,,,50,65,107,105,107,86,0.3,0.3
10010,rotom-frost,electric,ice,levitate,,,50,65,107,105,107,86,0.3,0.3
10011,rotom-fan,electric,flying,levitate,,,50,65,107,105,107,86,0.3,0.3
10012,rotom-mow,electric,grass,levitate,,,50,65,107,105,107,86,0.3,0.3
10013,castform-sunny,fire,,forecast,,,70,70,70,70,70,70,0.8,0.3
10014,castform-rainy,water,,forecast,,,70,70,70,70,70,70,0.8,0.3
10015,castform-snowy,ice,,forecast,,,70,70,70,70,70,70,0.8,0.3
10017,darmanitan-zen,fire,psychic,sheer-force,zen-mode,,105,30,105,140,105,55,92.9,1.3
10018,meloetta-pirouette,fighting,normal,serene-grace,,,100,128,90,77,77,128,6.5,0.6
10019,tornadus-therian,flying,,regenerator,,,79,100,80,110,90,121,63.0,1.4
10020,thundurus-therian,electric,flying,volt-absorb,,,79,105,70,145,80,101,61.0,3.0
10021,landorus-therian,flying,ground,intimidate,,,89,145,90,105,80,91,68.0,1.3
10022,kyurem-black,dragon,ice,teravolt,,,125,170,100,120,90,95,325.0,3.3
10023,kyurem-white,dragon,ice,turboblaze,,,125,120,90,170,100,95,325.0,3.6
10026,aegislash-blade,ghost,steel,stance-change,,,60,140,50,140,50,60,53.0,1.7
10027,pumpkaboo-small,ghost,grass,pickup,frisk,insomnia,44,66,70,44,55,56,3.5,0.3
10028,pumpkaboo-large,ghost,grass,pickup,frisk,insomnia,54,66,70,44,55,46,7.5,0.5
10029,pumpkaboo-super,ghost,grass,pickup,frisk,insomnia,59,66,70,44,55,41,15.0,0.8
10030,gourgeist-small,ghost,grass,pickup,frisk,insomnia,55,85,122,58,75,99,9.5,0.7
10031,gourgeist-large,ghost,grass,pickup,frisk,insomnia,75,95,122,58,75,69,14.0,1.1
10032,gourgeist-super,ghost,grass,pickup,frisk,insomnia,85,100,122,58,75,54,39.0,1.7
10033,venusaur-mega,grass,poison,thick-fat,,,80,100,123,122,120,80,155.5,2.4
10034,charizard-mega-x,dragon,fire,tough-claws,,,78,130,111,130,85,100,110.5,1.7
10035,charizard-mega-y,fire,flying,drought,,,78,104,78,159,115,100,100.5,1.7
10036,blastoise-mega,water,,mega-launcher,,,79,103,120,135,115,78,101.1,1.6
10037,alakazam-mega,psychic,,trace,,,55,50,65,175,105,150,48.0,1.2
10038,gengar-mega,ghost,poison,shadow-tag,,,60,65,80,170,95,130,40.5,1.4
10039,kangaskhan-mega,normal,,parental-bond,,,105,125,100,60,100,100,100.0,2.2
10040,pinsir-mega,bug,flying,aerilate,,,65,155,120,65,90,105,59.0,1.7
10041,gyarados-mega,dark,water,mold-breaker,,,95,155,109,70,130,81,305.0,6.5
10042,aerodactyl-mega,flying,rock,tough-claws,,,80,135,85,70,95,150,79.0,2.1
10043,mewtwo-mega-x,fighting,psychic,steadfast,,,106,190,100,154,100,130,127.0,2.3
10044,mewtwo-mega-y,psychic,,insomnia,,,106,150,70,194,120,140,33.0,1.5
10045,ampharos-mega,dragon,electric,mold-breaker,,,90,95,105,165,110,45,61.5,1.4
10046,scizor-mega,bug,steel,technician,,,70,150,140,65,100,75,125.0,2.0
10047,heracross-mega,bug,fighting,skill-link,,,80,185,115,40,105,75,62.5,1.7
10048,houndoom-mega,dark,fire,solar-power,,,75,90,90,140,90,115,49.5,1.9
10049,tyranitar-mega,dark,rock,sand-stream,,,100,164,150,95,120,71,255.0,2.5
10050,blaziken-mega,fighting,fire,speed-boost,,,80,160,80,130,80,100,52.0,1.9
10051,gardevoir-mega,fairy,psychic,pixilate,,,68,85,65,165,135,100,48.4,1.6
10052,mawile-mega,fairy,steel,huge-power,,,50,105,125,55,95,50,23.5,1.0
10053,aggron-mega,steel,,filter,,,70,140,230,60,80,50,395.0,2.2
10054,medicham-mega,fighting,psychic,pure-power,,,60,100,85,80,85,100,31.5,1.3
10055,manectric-mega,electric,,intimidate,,,70,75,80,135,80,135,44.0,1.8
10056,banette-mega,ghost,,prankster,,,64,165,75,93,83,75,13.0,1.2
10057,absol-mega,dark,,magic-bounce,,,65,150,60,115,60,115,49.0,1.2
10058,garchomp-mega,dragon,ground,sand-force,,,108,170,115,120,95,92,95.0,1.9
10059,lucario-mega,fighting,steel,adaptability,,,70,145,88,140,70,112,57.5,1.3
10060,abomasnow-mega,grass,ice,snow-warning,,,90,132,105,132,105,30,185.0,2.7
10061,floette-eternal,fairy,,flower-veil,symbiosis,,74,65,67,125,128,92,0.9,0.2
10062,latias-mega,dragon,psychic,levitate,,,80,100,120,140,150,110,52.0,1.8
10063,latios-mega,dragon,psychic,levitate,,,80,130,100,160,120,110,70.0,2.3
10064,swampert-mega,ground,water,swift-swim,,,100,150,110,95,110,70,102.0,1.9
10065,sceptile-mega,dragon,grass,lightning-rod,,,70,110,75,145,85,145,55.2,1.9
10066,sableye-mega,dark,ghost,magic-bounce,,,50,85,125,85,115,20,161.0,0.5
10067,altaria-mega,dragon,fairy,pixilate,,,75,110,110,110,105,80,20.6,1.5
10068,gallade-mega,fighting,psychic,inner-focus,,,68,165,95,65,115,110,56.4,1.6
10069,audino-mega,fairy,normal,healer,,,103,60,126,80,126,50,32.0,1.5
10070,sharpedo-mega,dark,water,strong-jaw,,,70,140,70,110,65,105,130.3,2.5
10071,slowbro-mega,psychic,water,shell-armor,,,95,75,180,130,80,30,120.0,2.0
10072,steelix-mega,ground,steel,sand-force,,,75,125,230,55,95,30,740.0,10.5
10073,pidgeot-mega,flying,normal,no-guard,,,83,80,80,135,80,121,50.5,2.2
10074,glalie-mega,ice,,refrigerate,,,80,120,80,120,80,100,350.2,2.1
10075,diancie-mega,fairy,rock,magic-bounce,,,50,160,110,160,110,110,27.8,1.1
10076,metagross-mega,psychic,steel,tough-claws,,,80,145,150,105,110,110,942.9,2.5
10077,kyogre-primal,water,,primordial-sea,,,100,150,90,180,160,90,430.0,9.8
10078,groudon-primal,fire,ground,desolate-land,,,100,180,160,150,90,90,999.7,5.0
10079,rayquaza-mega,dragon,flying,delta-stream,,,105,180,100,180,100,115,392.0,10.8
10086,hoopa-unbound,dark,psychic,magician,,,80,160,60,170,130,80,490.0,6.5
10087,camerupt-mega,fire,ground,sheer-force,,,70,120,100,145,105,20,320.5,2.5
10088,lopunny-mega,fighting,normal,scrappy,,,65,136,94,54,96,135,28.3,1.3
10089,salamence-mega,dragon,flying,aerilate,,,95,145,130,120,90,120,112.6,1.8
10090,beedrill-mega,bug,poison,adaptability,,,65,150,40,15,80,145,40.5,1.4
10091,rattata-alola,dark,normal,gluttony,hustle,thick-fat,30,56,35,25,35,72,3.8,0.3
10092,raticate-alola,dark,normal,gluttony,hustle,thick-fat,75,71,70,40,80,77,25.5,0.7
10100,raichu-alola,electric,psychic,surge-surfer,,,60,85,50,95,85,110,21.0,0.7
10101,sandshrew-alola,ice,steel,snow-cloak,slush-rush,,50,75,90,10,35,40,40.0,0.7
10102,sandslash-alola,ice,steel,snow-cloak,slush-rush,,75,100,120,25,65,65,55.0,1.2
10103,vulpix-alola,ice,,snow-cloak,snow-warning,,38,41,40,50,65,65,9.9,0.6
10104,ninetales-alola,fairy,ice,snow-cloak,snow-warning,,73,67,75,81,100,109,19.9,1.1
10105,diglett-alola,ground,steel,sand-veil,tangling-hair,sand-force,10,55,30,35,45,90,1.0,0.2
10106,dugtrio-alola,ground,steel,sand-veil,tangling-hair,sand-force,35,100,60,50,70,110,66.6,0.7
10107,meowth-alola,dark,,pickup,technician,rattled,40,35,35,50,40,90,4.2,0.4
10108,persian-alola,dark,,fur-coat,technician,rattled,65,60,60,75,65,115,33.0,1.1
10109,geodude-alola,electric,rock,magnet-pull,sturdy,galvanize,40,80,100,30,30,20,20.3,0.4
10110,graveler-alola,electric,rock,magnet-pull,sturdy,galvanize,55,95,115,45,45,35,110.0,1.0
10111,golem-alola,electric,rock,magnet-pull,sturdy,galvanize,80,120,130,55,65,45,316.0,1.7
10112,grimer-alola,dark,poison,poison-touch,gluttony,power-of-alchemy,80,80,50,40,50,25,42.0,0.7
10113,muk-alola,dark,poison,poison-touch,gluttony,power-of-alchemy,105,105,75,65,100,50,52.0,1.0
10114,exeggutor-alola,dragon,grass,frisk,harvest,,95,105,85,125,75,45,415.6,10.9
10115,marowak-alola,fire,ghost,cursed-body,lightning-rod,rock-head,60,80,110,50,80,45,34.0,1.0
10117,greninja-ash,dark,water,battle-bond,,,72,145,67,153,71,132,40.0,1.5
10118,zygarde-10-power-construct,dragon,ground,power-construct,,,54,100,71,61,85,115,33.5,1.2
10120,zygarde-complete,dragon,ground,power-construct,,,216,100,121,91,95,85,610.0,4.5
10123,oricorio-pom-pom,electric,flying,dancer,,,75,70,70,98,70,93,3.4,0.6
10124,oricorio-pau,flying,psychic,dancer,,,75,70,70,98,70,93,3.4,0.6
10125,oricorio-sensu,flying,ghost,dancer,,,75,70,70,98,70,93,3.4,0.6
10126,lycanroc-midnight,rock,,keen-eye,vital-spirit,no-guard,85,115,75,55,75,82,25.0,1.1
10127,wishiwashi-school,water,,schooling,,,45,140,130,140,135,30,78.6,8.2
10136,minior-red,flying,rock,shields-down,,,60,100,60,100,60,120,0.3,0.3
10152,lycanroc-dusk,rock,,tough-claws,,,75,117,65,55,65,110,25.0,0.8
10155,necrozma-dusk,psychic,steel,prism-armor,,,97,157,127,113,109,77,460.0,3.8
10156,necrozma-dawn,ghost,psychic,prism-armor,,,97,113,109,157,127,77,350.0,4.2
10157,necrozma-ultra,dragon,psychic,neuroforce,,,97,167,97,167,97,129,230.0,7.5
10158,pikachu-starter,electric,,static,lightning-rod,,45,80,50,75,60,120,6.0,0.4
10159,eevee-starter,normal,,run-away,adaptability,anticipation,65,75,70,65,85,75,6.5,0.3
10161,meowth-galar,steel,,pickup,tough-claws,unnerve,50,65,55,40,40,40,7.5,0.4
10162,ponyta-galar,psychic,,run-away,pastel-veil,anticipation,50,85,55,65,65,90,24.0,0.8
10163,rapidash-galar,fairy,psychic,run-away,pastel-veil,anticipation,65,100,70,80,80,105,80.0,1.7
10164,slowpoke-galar,psychic,,gluttony,own-tempo,regenerator,90,65,65,40,40,15,36.0,1.2
10165,slowbro-galar,poison,psychic,quick-draw,own-tempo,regenerator,95,100,95,100,70,30,70.5,1.6
10166,farfetchd-galar,fighting,,steadfast,scrappy,,52,95,55,58,62,55,42.0,0.8
10167,weezing-galar,fairy,poison,levitate,neutralizing-gas,misty-surge,65,90,120,85,70,60,16.0,3.0
10168,mr-mime-galar,ice,psychic,vital-spirit,screen-cleaner,ice-body,50,65,65,90,90,100,56.8,1.4
10169,articuno-galar,flying,psychic,competitive,,,90,85,85,125,100,95,50.9,1.7
10170,zapdos-galar,fighting,flying,defiant,,,90,125,90,85,90,100,58.2,1.6
10171,moltres-galar,dark,flying,berserk,,,90,85,90,100,125,90,66.0,2.0
10172,slowking-galar,poison,psychic,curious-medicine,own-tempo,regenerator,95,65,80,110,110,30,79.5,1.8
10173,corsola-galar,ghost,,weak-armor,cursed-body,,60,55,100,65,100,30,0.5,0.6
10174,zigzagoon-galar,dark,normal,pickup,gluttony,quick-feet,38,30,41,30,41,60,17.5,0.4
10175,linoone-galar,dark,normal,pickup,gluttony,quick-feet,78,70,61,50,61,100,32.5,0.5
10176,darumaka-galar,ice,,hustle,inner-focus,,70,90,45,15,45,50,40.0,0.7
10177,darmanitan-galar-standard,ice,,gorilla-tactics,zen-mode,,105,140,55,30,55,95,120.0,1.7
10178,darmanitan-galar-zen,fire,ice,gorilla-tactics,zen-mode,,105,160,55,30,55,135,120.0,1.7
10179,yamask-galar,ghost,ground,wandering-spirit,,,38,55,85,30,65,30,1.5,0.5
10180,stunfisk-galar,ground,steel,mimicry,,,109,81,99,66,84,32,20.5,0.7
10185,eiscue-noice,ice,,ice-face,,,75,80,70,65,50,130,89.0,1.4
10186,indeedee-female,normal,psychic,own-tempo,synchronize,psychic-surge,70,55,65,95,105,85,28.0,0.9
10188,zacian-crowned,fairy,steel,intrepid-sword,,,92,150,115,80,115,148,355.0,2.8
10189,zamazenta-crowned,fighting,steel,dauntless-shield,,,92,120,140,80,140,128,785.0,2.9
10190,eternatus-eternamax,dragon,poison,pressure,,,255,115,250,125,250,130,0.0,100.0
10191,urshifu-rapid-strike,fighting,water,unseen-fist,,,100,130,100,63,60,97,105.0,1.9
10193,calyrex-ice,ice,psychic,as-one-glastrier,,,100,165,150,85,130,50,809.1,2.4
10194,calyrex-shadow,ghost,psychic,as-one-spectrier,,,100,85,80,165,100,150,53.6,2.4
10229,growlithe-hisui,fire,rock,intimidate,flash-fire,rock-head,60,75,45,65,50,55,22.7,0.8
10230,arcanine-hisui,fire,rock,intimidate,flash-fire,rock-head,95,115,80,95,80,90,168.0,2.0
10231,voltorb-hisui,electric,grass,soundproof,static,aftermath,40,30,50,55,55,100,13.0,0.5
10232,electrode-hisui,electric,grass,soundproof,static,aftermath,60,50,70,80,80,150,71.0,1.2
10233,typhlosion-hisui,fire,ghost,blaze,frisk,,73,84,78,119,85,95,69.8,1.6
10234,qwilfish-hisui,dark,poison,poison-point,swift-swim,intimidate,65,95,85,55,55,85,3.9,0.5
10235,sneasel-hisui,fighting,poison,inner-focus,keen-eye,pickpocket,55,95,55,35,75,115,27.0,0.9
10236,samurott-hisui,dark,water,torrent,sharpness,,90,108,80,100,65,85,58.2,1.5
10237,lilligant-hisui,fighting,grass,chlorophyll,hustle,leaf-guard,70,105,75,50,75,105,19.2,1.2
10238,zorua-hisui,ghost,normal,illusion,,,35,60,40,85,40,70,12.5,0.7
10239,zoroark-hisui,ghost,normal,illusion,,,55,100,60,125,60,110,73.0,1.6
10240,braviary-hisui,flying,psychic,keen-eye,sheer-force,tinted-lens,110,83,70,112,70,65,43.4,1.7
10241,sliggoo-hisui,dragon,steel,sap-sipper,shell-armor,gooey,58,75,83,83,113,40,68.5,0.7
10242,goodra-hisui,dragon,steel,sap-sipper,shell-armor,gooey,80,100,100,110,150,60,334.1,1.7
10243,avalugg-hisui,ice,rock,strong-jaw,ice-body,sturdy,95,127,184,34,36,38,262.4,1.4
10244,decidueye-hisui,fighting,grass,overgrow,scrappy,,88,112,80,95,95,60,37.0,1.6
10245,dialga-origin,dragon,steel,pressure,telepathy,,100,100,120,150,120,90,848.7,7.0
10246,palkia-origin,dragon,water,pressure,telepathy,,90,100,100,150,120,120,659.0,6.3
10248,basculegion-female,ghost,water,swift-swim,adaptability,mold-breaker,120,92,65,100,75,78,110.0,3.0
10249,enamorus-therian,fairy,flying,overcoat,,,74,115,110,135,100,46,48.0,1.6
10250,tauros-paldea-combat-breed,fighting,,intimidate,anger-point,cud-chew,75,110,105,30,70,100,115.0,1.4
10251,tauros-paldea-blaze-breed,fighting,fire,intimidate,anger-point,cud-chew,75,110,105,30,70,100,85.0,1.4
10252,tauros-paldea-aqua-breed,fighting,water,intimidate,anger-point,cud-chew,75,110,105,30,70,100,110.0,1.4
10253,wooper-paldea,ground,poison,poison-point,water-absorb,unaware,55,45,45,25,25,15,11.0,0.4
10254,oinkologne-female,normal,,aroma-veil,gluttony,thick-fat,115,90,70,59,90,65,120.0,1.0
10256,palafin-hero,water,,zero-to-hero,,,100,160,97,106,87,100,97.4,1.8
10263,gimmighoul-roaming,ghost,,run-away,,,45,30,25,75,45,80,1.0,0.1
10272,ursaluna-bloodmoon,ground,normal,minds-eye,,,113,70,120,135,65,52,290.0,2.4
10273,ogerpon-wellspring-mask,grass,water,water-absorb,,,80,120,84,60,96,110,39.8,1.2
10274,ogerpon-hearthflame-mask,fire,grass,mold-breaker,,,80,120,84,60,96,110,39.8,1.2
10275,ogerpon-cornerstone-mask,grass,rock,sturdy,,,80,120,84,60,96,110,39.8,1.2
10276,terapagos-terastal,normal,,tera-shell,,,95,95,110,105,110,85,16.0,0.3
10277,terapagos-stellar,normal,,teraform-zero,,,160,105,110,130,110,85,77.0,1.7
10278,clefable-mega,fairy,flying,magic-bounce,,,95,80,93,135,110,70,42.3,1.7
10279,victreebel-mega,grass,poison,innards-out,,,80,125,85,135,95,70,125.5,4.5
10280,starmie-mega,psychic,water,huge-power,,,60,100,105,130,105,120,80.0,2.3
10281,dragonite-mega,dragon,flying,multiscale,,,91,124,115,145,125,100,290.0,2.2
10282,meganium-mega,fairy,grass,mega-sol,,,80,92,115,143,115,80,201.0,2.4
10283,feraligatr-mega,dragon,water,dragonize,,,85,160,125,89,93,78,108.8,2.3
10284,skarmory-mega,flying,steel,stalwart,,,65,140,110,40,100,110,40.4,1.7
10285,froslass-mega,ghost,ice,snow-warning,,,70,80,70,140,100,120,29.6,2.6
10286,emboar-mega,fighting,fire,mold-breaker,,,110,148,75,110,110,75,180.3,1.8
10287,excadrill-mega,ground,steel,piercing-drill,,,110,165,100,65,65,103,60.0,0.9
10288,scolipede-mega,bug,poison,,,,60,140,149,75,99,62,230.5,3.2
10289,scrafty-mega,dark,fighting,,,,65,130,135,55,135,68,31.0,1.1
10290,eelektross-mega,electric,,,,,85,145,80,135,90,80,180.0,3.0
10291,chandelure-mega,fire,ghost,infiltrator,,,60,75,110,175,110,90,69.6,2.5
10292,chesnaught-mega,fighting,grass,bulletproof,,,88,137,172,74,115,44,90.0,1.6
10293,delphox-mega,fire,psychic,levitate,,,75,69,72,159,125,134,39.0,1.5
10294,greninja-mega,dark,water,protean,,,72,125,77,133,81,142,40.0,1.5
10295,pyroar-mega,fire,normal,,,,86,88,92,129,86,126,93.3,1.5
10296,floette-mega,fairy,,fairy-aura,,,74,85,87,155,148,102,100.8,0.2
10297,malamar-mega,dark,psychic,,,,86,102,88,98,120,88,69.8,2.9
10298,barbaracle-mega,fighting,rock,,,,72,140,130,64,106,88,100.0,2.2
10299,dragalge-mega,dragon,poison,,,,65,85,105,132,163,44,100.3,2.1
10300,hawlucha-mega,fighting,flying,no-guard,,,78,137,100,74,93,118,25.0,1.0
10301,zygarde-mega,dragon,ground,,,,216,70,91,216,85,100,610.0,7.7
10302,drampa-mega,dragon,normal,berserk,,,78,85,110,160,116,36,240.5,3.0
10303,falinks-mega,fighting,,,,,65,135,135,70,65,100,99.0,1.6
10304,raichu-mega-x,electric,,,,,60,135,95,90,95,110,38.0,1.2
10305,raichu-mega-y,electric,,,,,60,100,55,160,80,130,26.0,1.0
10306,chimecho-mega,psychic,steel,levitate,,,75,50,110,135,120,65,8.0,1.2
10307,absol-mega-z,dark,ghost,,,,65,154,60,75,60,151,49.0,1.2
10308,staraptor-mega,fighting,flying,,,,85,140,100,60,90,110,50.0,1.9
10309,garchomp-mega-z,dragon,,,,,108,130,85,141,85,151,99.0,1.9
10310,lucario-mega-z,fighting,steel,,,,70,100,70,164,70,151,49.4,1.3
10311,heatran-mega,fire,steel,,,,91,120,106,175,141,67,570.0,2.8
10312,darkrai-mega,dark,,,,,70,120,130,165,130,85,240.0,3.0
10313,golurk-mega,ghost,ground,unseen-fist,,,89,159,105,70,105,55,330.0,4.0
10314,meowstic-mega,psychic,,trace,,,74,48,76,143,101,124,10.1,0.8
10315,crabominable-mega,fighting,ice,iron-fist,,,97,157,122,62,107,33,252.8,2.6
10316,golisopod-mega,bug,steel,,,,75,150,175,70,120,40,148.0,2.3
10317,magearna-mega,fairy,steel,,,,80,125,115,170,115,95,248.1,1.3
10319,zeraora-mega,electric,,,,,88,157,75,147,80,153,44.5,1.5
10320,scovillain-mega,fire,grass,spicy-spray,,,65,138,85,138,85,75,22.0,1.2
10321,glimmora-mega,poison,rock,adaptability,,,83,90,105,150,96,101,77.0,2.8
10322,tatsugiri-curly-mega,dragon,water,,,,68,65,90,135,125,92,24.0,0.6
10325,baxcalibur-mega,dragon,ice,,,,115,175,117,105,101,87,315.0,2.1
